flight_id,carrier,date,origin,dest,distance,sched_dep_time,sched_arr_time,dep_time,arr_time,dep_delay,arr_delay,cancelled
F100000,DL,2024-05-05,JFK,BOS,1298,07:30,10:12,07:34,10:26,4.0,14.0,0
F100001,LH,2024-02-17,LAX,JFK,1913,06:45,10:44,,,,,1
F100002,SW,2024-04-22,IAH,EWR,859,14:40,16:27,14:41,16:49,1.0,22.0,0
F100003,LH,2024-03-20,LAS,MIA,1460,06:10,09:12,06:10,09:16,-5.0,4.0,0
F100004,BA,2024-10-01,LAX,DTW,721,03:20,04:50,03:20,04:50,-5.0,0.0,0
F100005,AF,2024-12-26,BWI,SFO,200,02:00,02:40,02:00,02:40,-36.0,-41.0,0
F100006,DL,2024-08-20,CLT,MIA,392,20:10,20:59,20:25,21:05,15.0,6.0,0
F100007,DL,2024-09-30,SAN,DEN,200,23:45,00:25,00:29,01:08,44.0,43.0,0
F100008,QF,2024-01-29,SEA,PHX,1040,07:00,09:10,07:00,09:10,-29.0,-34.0,0
F100009,AI,2024-12-01,LAS,SFO,1066,15:20,17:33,15:20,17:33,-22.0,-15.0,0
F100010,QF,2024-10-26,IAH,MIA,639,13:40,14:59,13:40,14:59,0.0,-5.0,0
F100011,DL,2024-03-19,LAX,DFW,2111,20:30,00:53,20:37,00:53,7.0,-4.0,0
F100012,EK,2024-10-10,PHL,MIA,1493,00:50,03:56,00:50,03:56,-24.0,-19.0,0
F100013,AF,2024-08-10,ATL,LAS,200,05:25,,05:25,,-26.0,-22.0,0
F100014,UA,2024-11-16,PHL,ATL,1443,09:50,12:50,10:01,13:02,11.0,12.0,0
F100015,QF,2024-09-07,JFK,PHX,819,00:15,01:57,00:15,01:57,-30.0,-37.0,0
F100016,AA,2024-02-10,SEA,SAN,723,02:55,04:25,03:28,05:04,33.0,39.0,0
F100017,UA,2024-03-25,DTW,BWI,200,08:35,09:15,08:50,09:27,15.0,12.0,0
F100018,SW,2024-12-09,BOS,EWR,593,20:10,21:24,20:32,22:00,22.0,36.0,0
F100019,AF,2024-10-10,JFK,SAN,1558,07:40,10:54,07:40,10:54,-14.0,-16.0,0
F100020,AA,2024-09-20,LAS,ORD,1198,07:05,09:34,07:36,10:01,31.0,27.0,0
F100021,AI,2024-05-04,BWI,DTW,888,15:20,17:11,15:20,17:11,-21.0,-33.0,0
F100022,EK,2024-02-01,LAX,DFW,1487,12:55,16:00,13:36,16:42,41.0,42.0,0
F100023,EK,2024-04-03,DFW,MSP,1602,08:25,11:45,08:41,11:55,16.0,10.0,0
F100024,QF,2024-11-29,ATL,LAX,1216,17:00,19:32,17:45,20:19,45.0,47.0,0
F100025,EK,2024-07-24,DTW,SFO,1938,01:30,05:32,01:30,05:32,-58.0,-46.0,0
F100026,EK,2024-12-22,BOS,MSP,1052,23:35,01:46,23:35,01:49,0.0,3.0,0
F100027,AA,2024-02-01,BWI,IAH,200,23:10,23:50,23:12,23:58,2.0,8.0,0
F100028,UA,2024-02-11,LAX,IAH,1886,05:15,09:10,05:15,09:10,-6.0,-14.0,0
F100029,AI,2024-10-31,SEA,SAN,698,01:40,03:07,02:10,03:43,30.0,36.0,0
F100030,BA,2024-05-02,SFO,PHX,682,08:20,09:45,08:40,10:08,20.0,23.0,0
F100031,DL,2024-11-14,JFK,DTW,1581,18:15,21:32,18:15,21:32,-11.0,-13.0,0
F100032,DL,2024-05-25,SEA,CLT,764,05:25,07:00,05:25,07:00,-30.0,-24.0,0
F100033,QF,2024-06-02,JFK,BWI,1156,21:15,23:39,21:22,23:45,7.0,6.0,0
F100034,QF,2024-05-24,DFW,BOS,200,19:45,20:25,19:45,20:25,-4.0,-6.0,0
F100035,EK,2024-02-17,MIA,LAX,518,20:20,21:24,20:23,21:34,3.0,10.0,0
F100036,BA,2024-10-09,DEN,DTW,2131,22:20,02:46,22:31,03:02,11.0,16.0,0
F100037,UA,2024-07-08,IAH,LAX,955,18:35,20:34,18:35,20:34,-41.0,-39.0,0
F100038,AA,2024-12-15,PHX,SFO,1036,07:50,09:59,08:59,11:08,69.0,69.0,0
F100039,AI,2024-03-24,DFW,MIA,1180,05:20,07:47,05:26,07:47,6.0,-6.0,0
F100040,SW,2024-12-25,MIA,DEN,1685,03:20,06:50,03:46,07:27,26.0,37.0,0
F100041,EK,2024-04-26,PHX,BOS,454,07:00,07:56,07:00,07:56,-21.0,-12.0,0
F100042,BA,2024-07-23,PHX,IAH,2314,21:35,02:24,,,,,1
F100043,BA,2024-05-15,DEN,SAN,405,01:15,02:05,01:15,02:05,-7.0,-4.0,0
F100044,QF,2024-10-22,ATL,EWR,697,06:05,07:32,06:05,07:32,-32.0,-29.0,0
F100045,SW,2024-02-05,PHX,MSP,362,21:10,21:55,21:29,22:05,19.0,10.0,0
F100046,QF,2024-06-16,BOS,MSP,1929,12:55,16:56,12:55,16:56,-13.0,-15.0,0
F100047,UA,2024-06-03,SAN,BWI,1488,12:35,15:41,12:35,15:41,-24.0,-19.0,0
F100048,AI,2024-08-14,LAS,DTW,1784,14:50,18:33,14:50,18:33,-33.0,-29.0,0
F100049,UA,2024-09-20,ORD,LAS,1155,21:50,00:14,22:17,00:28,27.0,14.0,0
F100050,BA,2024-03-16,SEA,SFO,207,00:00,00:40,00:00,00:40,-8.0,-3.0,0
F100051,LH,2024-12-22,BWI,SFO,1207,12:25,14:55,12:25,14:55,-10.0,-5.0,0
F100052,DL,2024-03-31,EWR,SEA,1175,22:35,01:01,22:35,01:14,-11.0,13.0,0
F100053,UA,2024-10-13,MSP,IAH,1284,19:10,21:50,19:10,21:50,-23.0,-13.0,0
F100054,QF,2024-08-16,EWR,BWI,415,05:55,06:46,06:22,07:29,27.0,43.0,0
F100055,BA,2024-11-16,PHL,DTW,507,07:05,08:08,07:36,08:46,31.0,38.0,0
F100056,QF,2024-03-18,ORD,DEN,1493,07:20,10:26,08:14,11:19,54.0,53.0,0
F100057,QF,2024-02-01,MSP,EWR,547,06:20,07:28,06:20,07:28,-17.0,-16.0,0
F100058,AI,2024-01-04,CLT,PHL,1204,11:05,13:35,11:19,14:01,14.0,26.0,0
F100059,QF,2024-09-06,SAN,SEA,1007,07:05,09:10,,,,,1
F100060,AF,2024-08-27,CLT,DEN,1872,04:40,08:34,04:40,09:09,0.0,35.0,0
F100061,DL,2024-08-24,EWR,DFW,1375,05:00,07:51,05:00,07:51,,-25.0,0
F100062,LH,2024-05-09,MIA,MSP,1289,02:25,,02:26,,1.0,12.0,0
F100063,DL,2024-05-06,LAX,JFK,1283,06:00,08:40,06:05,08:40,5.0,-3.0,0
F100064,SW,2024-07-07,MSP,MIA,200,05:40,06:20,05:40,06:28,-4.0,8.0,0
F100065,BA,2024-01-14,ATL,SAN,1128,09:40,12:01,09:40,12:01,-24.0,-20.0,0
F100066,DL,2024-02-22,BWI,SEA,1231,22:05,00:38,22:05,00:38,-15.0,-11.0,0
F100067,AA,2024-08-07,PHX,BWI,1034,21:10,23:19,21:10,23:19,-22.0,-16.0,0
F100068,EK,2024-07-04,ATL,MSP,1336,20:25,23:12,20:59,00:01,,49.0,0
F100069,BA,2024-09-04,SAN,IAH,200,14:20,15:00,14:20,15:00,-16.0,-8.0,0
F100070,DL,2024-05-04,MIA,DTW,1308,14:40,17:23,15:00,18:31,20.0,68.0,0
F100071,UA,2024-06-30,DTW,SFO,1342,08:10,10:57,08:45,11:45,35.0,48.0,0
F100072,QF,2024-05-03,SFO,ORD,1390,23:20,02:13,23:20,02:23,-1.0,10.0,0
F100073,EK,2024-02-17,MSP,JFK,536,09:45,10:52,09:46,10:52,1.0,-3.0,0
F100074,QF,2024-08-05,PHL,PHX,1049,23:35,01:46,00:40,02:31,65.0,45.0,0
F100075,DL,2024-03-02,SFO,PHX,1411,23:35,02:31,23:35,02:31,-33.0,-37.0,0
F100076,BA,2024-11-01,BWI,PHL,1653,09:15,12:41,09:24,12:41,9.0,-2.0,0
F100077,QF,2024-01-24,DFW,BOS,570,01:35,02:46,01:59,03:03,24.0,17.0,0
F100078,DL,2024-05-25,JFK,SAN,1129,15:25,17:46,15:33,17:48,8.0,2.0,0
F100079,EK,2024-07-24,ATL,ORD,2286,15:15,20:00,15:38,20:01,23.0,1.0,0
F100080,BA,2024-03-01,ORD,MIA,1111,17:20,19:38,17:20,19:40,-10.0,2.0,0
F100081,EK,2024-10-28,MSP,BOS,524,13:05,14:10,13:09,14:22,4.0,12.0,0
F100082,SW,2024-12-04,SFO,BOS,1519,02:30,05:39,02:30,05:39,-23.0,-25.0,0
F100083,AI,2024-01-17,DTW,BOS,715,07:05,08:34,07:05,08:48,-9.0,14.0,0
F100084,BA,2024-08-05,BWI,SFO,1242,03:35,06:10,03:35,06:10,-25.0,-12.0,0
F100085,AA,2024-10-31,DEN,LAS,2273,23:40,04:24,00:13,04:41,33.0,17.0,0
F100086,LH,2024-10-03,MIA,IAH,709,15:25,16:53,16:04,17:26,39.0,33.0,0
F100087,BA,2024-04-27,JFK,ATL,1266,21:40,00:18,,,,,1
F100088,BA,2024-03-30,BWI,LAX,1464,15:35,18:38,15:35,18:38,-16.0,-15.0,0
F100089,EK,2024-06-27,ORD,PHL,200,13:10,13:50,13:10,13:50,-19.0,-20.0,0
F100090,EK,2024-10-08,BOS,EWR,251,01:25,02:05,02:13,02:38,48.0,33.0,0
F100091,QF,2024-08-24,JFK,BWI,735,13:00,14:31,13:10,15:00,10.0,29.0,0
F100092,AA,2024-10-08,SFO,BOS,200,04:05,04:45,04:41,05:23,36.0,38.0,0
F100093,AI,2024-06-08,SEA,DEN,411,17:00,17:51,17:19,18:14,19.0,23.0,0
F100094,EK,2024-09-12,ATL,DEN,639,22:05,23:24,22:14,23:30,9.0,6.0,0
F100095,SW,2024-03-15,MSP,BWI,1068,12:45,14:58,13:09,15:43,24.0,45.0,0
F100096,BA,2024-09-16,EWR,LAS,257,08:00,08:40,09:00,09:19,60.0,39.0,0
F100097,EK,2024-10-02,DFW,DTW,908,15:10,17:03,15:32,17:30,22.0,27.0,0
F100098,SW,2024-07-15,SEA,SAN,626,07:20,08:38,07:22,08:38,2.0,-2.0,0
F100099,LH,2024-01-19,DFW,PHL,646,04:35,05:55,05:03,06:29,28.0,34.0,0
F100100,DL,2024-01-08,PHL,MSP,584,23:30,00:43,23:59,01:18,29.0,35.0,0
F100101,BA,2024-11-28,LAS,EWR,1487,02:10,05:15,02:33,05:30,23.0,15.0,0
F100102,EK,2024-11-12,IAH,LAX,663,02:45,04:07,03:11,04:42,,35.0,0
F100103,LH,2024-08-15,ATL,DFW,987,05:55,07:58,,,,,1
F100104,AF,2024-07-02,LAX,LAS,1070,11:20,13:33,11:59,14:07,39.0,34.0,0
F100105,UA,2024-11-08,DEN,ORD,1328,12:40,15:26,12:42,15:27,2.0,1.0,0
F100106,BA,2024-12-07,MSP,MIA,1659,00:25,03:52,00:53,04:32,28.0,40.0,0
F100107,AF,2024-11-23,BWI,BOS,1783,13:55,17:37,14:03,17:55,8.0,18.0,0
F100108,EK,2024-07-14,ATL,MIA,813,18:10,19:51,18:25,20:06,15.0,15.0,0
F100109,LH,2024-10-16,MIA,JFK,1058,21:55,00:07,22:17,00:21,22.0,14.0,0
F100110,BA,2024-04-22,SEA,CLT,2255,20:45,01:26,20:45,01:26,-18.0,-31.0,0
F100111,UA,2024-06-07,ATL,LAX,1694,14:00,17:31,14:27,18:07,27.0,36.0,0
F100112,LH,2024-03-08,DEN,SEA,1377,17:10,20:02,17:17,20:02,7.0,-2.0,0
F100113,EK,2024-02-28,BOS,PHX,1045,14:15,16:25,14:15,16:29,-10.0,4.0,0
F100114,LH,2024-02-16,IAH,PHX,911,12:00,13:53,12:00,13:53,-14.0,-16.0,0
F100115,BA,2024-11-22,BWI,CLT,1247,11:15,13:50,11:15,13:50,-7.0,-15.0,0
F100116,AF,2024-11-27,SAN,SEA,1146,02:50,05:13,03:03,05:22,13.0,9.0,0
F100117,UA,2024-06-04,LAX,ORD,717,15:15,16:44,15:28,16:44,13.0,-2.0,0
F100118,QF,2024-03-20,EWR,SAN,200,13:50,14:30,13:50,14:30,-11.0,-12.0,0
F100119,AA,2024-08-15,PHX,SFO,1186,14:45,17:13,15:29,18:09,44.0,56.0,0
F100120,AF,2024-05-21,LAX,EWR,904,06:15,08:08,06:22,08:08,7.0,-3.0,0
F100121,AI,2024-06-19,JFK,ORD,988,07:30,09:33,07:30,09:39,0.0,6.0,0
F100122,AI,2024-06-17,SFO,MIA,503,04:40,,05:00,,20.0,40.0,0
F100123,BA,2024-12-04,DEN,ATL,934,00:30,,00:47,,17.0,27.0,0
F100124,UA,2024-03-05,MIA,LAX,759,23:20,00:54,23:33,01:09,13.0,15.0,0
F100125,QF,2024-08-19,BWI,ATL,1058,16:45,18:57,16:45,18:57,-12.0,-10.0,0
F100126,QF,2024-11-25,BOS,DTW,1298,00:00,02:42,00:43,03:39,43.0,57.0,0
F100127,EK,2024-06-13,ORD,ATL,2291,19:30,00:16,19:30,00:16,-12.0,0.0,0
F100128,AF,2024-05-30,CLT,IAH,1110,14:35,16:53,15:37,17:47,62.0,54.0,0
F100129,QF,2024-08-19,SFO,MSP,496,07:20,08:22,07:20,08:22,-8.0,-31.0,0
F100130,LH,2024-07-10,LAS,MIA,684,04:50,06:15,04:50,06:15,-12.0,-8.0,0
F100131,DL,2024-10-11,PHX,DFW,1205,01:40,04:10,02:34,05:17,54.0,67.0,0
F100132,LH,2024-11-03,LAX,LAS,653,09:10,10:31,09:10,10:31,-15.0,-7.0,0
F100133,DL,2024-07-07,PHX,BWI,207,03:05,03:45,03:58,04:54,53.0,69.0,0
F100134,AI,2024-01-14,SAN,IAH,718,19:50,21:19,19:50,21:19,-36.0,-18.0,0
F100135,BA,2024-01-04,LAS,CLT,931,05:30,07:26,06:08,07:47,38.0,21.0,0
F100136,AA,2024-04-20,ORD,IAH,640,12:20,13:40,12:27,13:50,7.0,10.0,0
F100137,AI,2024-01-27,SAN,ORD,729,04:30,06:01,04:53,06:13,23.0,12.0,0
F100138,LH,2024-07-31,DTW,MSP,914,08:45,10:39,08:55,10:57,10.0,18.0,0
F100139,AI,2024-12-07,DTW,IAH,1426,09:00,11:58,09:00,11:58,-21.0,-37.0,0
F100140,SW,2024-05-28,DFW,BOS,1766,10:15,,10:30,,15.0,8.0,0
F100141,SW,2024-12-08,PHL,BWI,1930,11:15,15:16,11:25,15:42,10.0,26.0,0
F100142,DL,2024-08-07,LAS,SAN,1040,18:20,20:30,18:24,20:33,4.0,3.0,0
F100143,AF,2024-12-19,DEN,DTW,1582,11:15,14:32,11:38,15:13,23.0,41.0,0
F100144,DL,2024-06-22,CLT,BOS,421,07:10,08:02,07:34,08:41,24.0,39.0,0
F100145,SW,2024-11-26,PHX,CLT,200,04:45,05:25,04:45,05:25,-23.0,-45.0,0
F100146,DL,2024-08-25,DEN,PHL,838,18:40,20:24,19:05,21:09,25.0,45.0,0
F100147,AI,2024-03-18,LAS,PHX,1044,14:15,16:25,15:03,16:58,48.0,33.0,0
F100148,AF,2024-06-07,PHL,ORD,200,14:25,15:05,14:31,15:18,6.0,13.0,0
F100149,DL,2024-07-15,SAN,PHL,980,14:40,16:42,14:40,16:42,-45.0,-44.0,0
F100150,AI,2024-11-05,SFO,PHX,217,15:35,16:15,15:59,16:45,24.0,30.0,0
F100151,AF,2024-11-26,ORD,IAH,436,05:00,05:54,05:00,05:54,-6.0,-17.0,0
F100152,UA,2024-05-24,PHX,CLT,962,12:20,14:20,12:51,14:41,31.0,21.0,0
F100153,AF,2024-02-18,ORD,PHX,1302,17:50,20:32,17:50,20:32,-6.0,-14.0,0
F100154,AI,2024-02-11,DFW,PHX,935,18:50,20:46,18:50,20:46,-19.0,-24.0,0
F100155,LH,2024-06-07,DFW,ORD,281,17:20,18:00,18:16,18:58,56.0,58.0,0
F100156,QF,2024-09-17,ORD,MSP,580,11:00,12:12,11:12,12:25,12.0,13.0,0
F100157,EK,2024-03-11,SFO,MIA,867,04:15,06:03,04:37,06:36,22.0,33.0,0
F100158,QF,2024-11-12,LAX,PHX,681,04:40,06:05,04:40,06:05,-7.0,-8.0,0
F100159,UA,2024-07-29,MSP,LAX,200,11:50,12:30,11:50,12:30,-31.0,-13.0,0
F100160,EK,2024-05-02,SEA,BWI,1986,09:25,13:33,09:26,13:43,1.0,10.0,0
F100161,EK,2024-07-14,MSP,BOS,1186,16:35,19:03,17:59,20:42,84.0,99.0,0
F100162,BA,2024-07-09,LAX,PHL,923,17:15,19:10,17:15,19:10,-17.0,-34.0,0
F100163,UA,2024-09-19,MIA,DTW,1122,04:20,06:40,04:20,06:40,-12.0,-27.0,0
F100164,AA,2024-07-21,EWR,LAX,612,16:10,17:26,16:13,17:42,3.0,16.0,0
F100165,DL,2024-03-11,LAS,DFW,995,01:05,03:09,01:49,03:56,44.0,47.0,0
F100166,EK,2024-02-10,MSP,JFK,483,00:05,01:05,00:50,01:58,45.0,53.0,0
F100167,LH,2024-05-01,ATL,LAS,377,09:15,10:02,09:17,10:02,2.0,-7.0,0
F100168,DL,2024-01-09,DTW,BWI,200,20:35,21:15,20:40,21:15,5.0,-10.0,0
F100169,AF,2024-08-01,SEA,SAN,1337,05:50,08:37,05:50,08:37,-9.0,-13.0,0
F100170,QF,2024-10-10,PHL,IAH,644,00:20,01:40,00:20,01:40,-15.0,-12.0,0
F100171,AA,2024-06-25,PHX,ORD,501,07:55,08:57,08:09,09:12,14.0,15.0,0
F100172,UA,2024-10-06,LAX,CLT,856,10:50,12:37,10:50,12:37,-16.0,-21.0,0
F100173,UA,2024-08-22,DFW,ORD,1453,01:05,04:06,01:25,04:16,20.0,10.0,0
F100174,BA,2024-10-05,PHL,CLT,1059,15:05,17:17,15:31,17:25,26.0,8.0,0
F100175,AA,2024-03-04,LAS,MIA,1326,11:20,14:05,11:20,14:05,-10.0,-1.0,0
F100176,UA,2024-07-07,DTW,PHL,542,16:05,17:12,16:05,17:12,-38.0,-56.0,0
F100177,UA,2024-06-13,IAH,BOS,1028,03:15,05:23,03:28,05:27,13.0,4.0,0
F100178,UA,2024-08-16,MSP,PHX,1383,01:55,04:47,01:55,04:47,-35.0,-34.0,0
F100179,AA,2024-07-05,ORD,EWR,273,16:55,17:35,16:55,17:35,-9.0,-6.0,0
F100180,EK,2024-02-04,LAX,DEN,483,07:50,08:50,07:50,09:01,-3.0,11.0,0
F100181,EK,2024-08-15,PHX,CLT,653,02:40,04:01,03:08,04:17,28.0,16.0,0
F100182,DL,2024-09-12,JFK,SFO,1317,16:20,19:04,17:03,19:19,43.0,15.0,0
F100183,SW,2024-12-21,SAN,BOS,521,15:45,16:50,16:06,17:11,21.0,21.0,0
F100184,EK,2024-12-07,ORD,PHX,1222,11:55,14:27,11:55,14:27,-8.0,-5.0,0
F100185,UA,2024-04-24,PHX,IAH,906,03:45,05:38,04:21,06:19,36.0,41.0,0
F100186,AI,2024-10-09,PHX,DTW,1202,04:40,07:10,04:40,07:10,-3.0,-7.0,0
F100187,EK,2024-07-28,PHL,EWR,740,18:15,19:47,18:32,20:01,17.0,14.0,0
F100188,QF,2024-10-09,PHX,DFW,1173,20:40,23:06,21:39,00:17,59.0,71.0,0
F100189,AA,2024-03-19,ATL,IAH,804,09:30,11:10,10:07,11:44,37.0,34.0,0
F100190,QF,2024-05-08,BOS,ORD,200,06:50,07:30,06:50,07:30,-18.0,-38.0,0
F100191,DL,2024-10-30,PHL,DEN,789,18:30,20:08,18:37,20:37,7.0,29.0,0
F100192,AI,2024-02-11,LAX,JFK,1196,01:50,04:19,01:52,04:33,2.0,14.0,0
F100193,AI,2024-11-17,JFK,PHL,200,17:05,17:45,17:18,18:09,13.0,24.0,0
F100194,LH,2024-02-07,BOS,DTW,200,22:00,22:40,22:36,23:22,36.0,42.0,0
F100195,UA,2024-06-25,LAS,PHX,750,12:30,14:03,12:53,14:55,23.0,52.0,0
F100196,DL,2024-05-06,MIA,DTW,1109,04:15,06:33,04:28,06:42,13.0,9.0,0
F100197,UA,2024-06-09,LAS,SAN,490,06:30,07:31,06:58,07:51,28.0,20.0,0
F100198,AA,2024-09-15,ORD,EWR,1042,14:45,16:55,14:45,16:58,-5.0,3.0,0
F100199,EK,2024-01-05,BOS,BWI,1200,03:20,05:50,03:53,06:19,33.0,29.0,0
F100200,AA,2024-10-18,CLT,LAX,838,17:45,19:29,17:45,19:29,-17.0,-20.0,0
F100201,QF,2024-03-06,MIA,ATL,1226,03:20,05:53,03:46,06:10,26.0,17.0,0
F100202,UA,2024-07-24,SFO,IAH,1521,16:00,19:10,16:41,19:58,41.0,48.0,0
F100203,EK,2024-03-12,DFW,IAH,2126,10:40,15:05,10:40,15:05,-12.0,-25.0,0
F100204,AI,2024-09-17,LAS,IAH,200,17:25,18:05,18:09,18:59,44.0,54.0,0
F100205,DL,2024-06-06,EWR,SAN,966,23:55,01:55,00:09,01:57,14.0,2.0,0
F100206,AI,2024-01-27,BWI,SEA,2467,18:25,23:33,18:35,23:46,10.0,13.0,0
F100207,UA,2024-10-20,SEA,LAX,1435,22:15,01:14,22:34,01:38,19.0,24.0,0
F100208,SW,2024-11-09,EWR,IAH,525,15:55,17:00,16:14,17:44,19.0,44.0,0
F100209,EK,2024-06-09,PHL,CLT,1807,05:25,09:10,06:12,09:53,47.0,43.0,0
F100210,BA,2024-04-08,SAN,DTW,406,07:05,07:55,07:09,08:02,4.0,7.0,0
F100211,BA,2024-06-11,SFO,PHL,1656,15:10,18:37,15:10,18:37,-35.0,-15.0,0
F100212,AI,2024-07-21,IAH,CLT,905,11:30,13:23,11:30,13:23,-4.0,-14.0,0
F100213,EK,2024-04-19,MIA,PHL,200,06:35,07:15,07:03,07:46,28.0,31.0,0
F100214,AI,2024-01-26,SEA,MIA,226,21:35,22:15,21:35,22:15,-25.0,-27.0,0
F100215,EK,2024-01-03,ATL,DEN,2001,17:30,21:40,17:31,21:40,1.0,-15.0,0
F100216,SW,2024-05-26,BOS,PHX,852,20:00,21:46,20:00,21:46,0.0,-30.0,0
F100217,AA,2024-03-31,DEN,MSP,967,01:20,03:20,01:21,03:31,1.0,11.0,0
F100218,BA,2024-06-01,LAX,JFK,2109,18:40,23:03,19:15,23:37,35.0,34.0,0
F100219,QF,2024-03-09,PHL,DTW,336,16:25,17:07,17:36,18:21,71.0,74.0,0
F100220,BA,2024-06-21,DEN,JFK,1008,09:40,11:46,09:46,11:56,6.0,10.0,0
F100221,LH,2024-06-16,EWR,IAH,913,02:20,04:14,02:20,04:14,-7.0,-12.0,0
F100222,SW,2024-07-15,JFK,BOS,980,07:25,09:27,07:25,09:27,-7.0,-14.0,0
F100223,AA,2024-12-20,MIA,CLT,1063,07:00,09:12,07:01,09:33,1.0,21.0,0
F100224,BA,2024-07-07,ATL,LAS,200,19:45,20:25,20:19,21:16,34.0,51.0,0
F100225,AI,2024-12-25,PHX,MSP,200,17:25,18:05,17:25,18:05,-2.0,-4.0,0
F100226,AI,2024-08-16,ORD,IAH,200,16:55,17:35,16:55,17:35,-12.0,-23.0,0
F100227,QF,2024-10-01,SFO,SAN,2051,04:30,08:46,05:00,09:33,30.0,47.0,0
F100228,AI,2024-09-18,DTW,ORD,1433,14:00,16:59,14:00,16:59,-14.0,-6.0,0
F100229,EK,2024-07-21,BOS,JFK,266,08:00,08:40,08:25,09:04,25.0,24.0,0
F100230,DL,2024-02-05,IAH,LAX,775,15:00,16:36,15:25,17:08,25.0,32.0,0
F100231,LH,2024-08-17,PHX,EWR,783,12:20,13:57,12:56,14:22,36.0,25.0,0
F100232,AF,2024-10-02,ATL,SFO,1369,12:35,15:26,12:57,15:46,22.0,20.0,0
F100233,BA,2024-08-05,MSP,BWI,1195,17:20,19:49,17:20,19:49,-24.0,-11.0,0
F100234,DL,2024-11-10,LAX,MSP,889,00:45,02:36,00:45,02:45,-6.0,9.0,0
F100235,AA,2024-07-24,SEA,LAX,577,14:45,15:57,14:45,15:57,-28.0,-45.0,0
F100236,BA,2024-06-12,SEA,SAN,1363,18:40,21:30,18:40,21:30,-25.0,-2.0,0
F100237,QF,2024-06-02,SEA,MSP,200,08:00,08:40,08:49,09:34,49.0,54.0,0
F100238,LH,2024-01-25,IAH,DTW,941,11:50,13:47,11:50,13:47,-7.0,0.0,0
F100239,UA,2024-04-04,BOS,EWR,977,17:25,19:27,18:00,20:05,35.0,38.0,0
F100240,EK,2024-07-30,LAX,BWI,1090,13:35,15:51,13:35,15:51,-2.0,-1.0,0
F100241,DL,2024-02-17,MSP,PHX,1184,17:55,20:23,17:55,20:23,-36.0,-50.0,0
F100242,AA,2024-10-27,ORD,SEA,1445,23:50,02:50,00:01,03:01,11.0,11.0,0
F100243,AA,2024-03-01,SFO,SEA,1011,23:25,01:31,23:41,01:43,16.0,12.0,0
F100244,SW,2024-05-24,IAH,LAS,533,12:25,13:31,12:37,13:33,12.0,2.0,0
F100245,EK,2024-08-28,MSP,ATL,1244,10:45,13:20,10:45,13:20,-36.0,-22.0,0
F100246,UA,2024-10-10,JFK,BOS,1283,18:40,21:20,18:53,21:47,13.0,27.0,0
F100247,AI,2024-10-08,SEA,PHL,1999,20:50,00:59,21:22,01:11,32.0,12.0,0
F100248,EK,2024-06-29,MSP,DEN,232,05:30,06:10,05:30,06:10,-9.0,-7.0,0
F100249,AA,2024-02-08,PHL,LAX,1310,21:00,23:43,21:00,23:43,-11.0,-7.0,0
F100250,UA,2024-09-15,JFK,SEA,546,14:10,15:18,14:10,15:18,-8.0,-23.0,0
F100251,EK,2024-09-29,JFK,LAX,446,17:20,,17:20,,-27.0,-37.0,0
F100252,AA,2024-04-01,PHL,EWR,1632,03:15,06:39,03:15,06:56,-17.0,17.0,0
F100253,AF,2024-02-10,MIA,EWR,1295,11:20,14:01,11:32,14:05,12.0,4.0,0
F100254,DL,2024-07-26,LAX,ATL,1420,12:20,15:17,14:13,17:13,113.0,116.0,0
F100255,EK,2024-10-16,EWR,LAS,200,03:35,04:15,04:07,04:45,32.0,30.0,0
F100256,AI,2024-01-24,DTW,MIA,1145,02:50,05:13,02:50,05:26,-13.0,13.0,0
F100257,AF,2024-10-27,JFK,SEA,971,04:55,06:56,04:55,06:56,-32.0,-35.0,0
F100258,AI,2024-06-18,CLT,BWI,1299,12:55,15:37,13:15,15:46,20.0,9.0,0
F100259,AF,2024-08-11,LAX,DFW,1557,07:15,10:29,07:15,10:29,-37.0,-21.0,0
F100260,AF,2024-08-18,JFK,BOS,208,15:45,16:25,15:46,16:41,1.0,16.0,0
F100261,LH,2024-05-06,ORD,LAS,1071,22:15,00:28,22:42,01:04,27.0,36.0,0
F100262,LH,2024-02-24,LAS,CLT,1771,02:00,05:41,02:34,06:12,34.0,31.0,0
F100263,DL,2024-08-17,DEN,MSP,1379,17:35,20:27,17:35,20:27,-31.0,-30.0,0
F100264,AI,2024-07-16,SAN,LAS,1491,00:05,03:11,00:15,03:28,10.0,17.0,0
F100265,SW,2024-03-27,BWI,PHL,872,21:20,23:09,21:55,23:45,35.0,36.0,0
F100266,UA,2024-08-03,EWR,MIA,720,09:25,10:55,09:54,11:09,29.0,14.0,0
F100267,EK,2024-08-22,SAN,SFO,1300,03:30,06:12,03:30,06:12,-19.0,-2.0,0
F100268,AF,2024-08-08,MSP,LAS,843,20:40,22:25,20:50,22:42,10.0,17.0,0
F100269,AF,2024-06-12,DEN,EWR,200,09:55,10:35,09:55,10:41,-9.0,6.0,0
F100270,LH,2024-07-05,MIA,EWR,1520,03:40,06:50,03:54,06:50,14.0,0.0,0
F100271,AA,2024-08-12,MSP,SFO,1351,09:55,12:43,10:20,13:11,25.0,28.0,0
F100272,UA,2024-05-09,BOS,SEA,1733,21:30,01:06,21:30,01:06,-10.0,-14.0,0
F100273,EK,2024-09-30,BWI,CLT,200,16:55,17:35,17:25,18:11,,36.0,0
F100274,QF,2024-02-25,SAN,ORD,200,07:50,08:30,07:50,08:30,-37.0,-45.0,0
F100275,LH,2024-02-24,LAS,MSP,1476,00:15,03:19,00:15,03:19,-1.0,-9.0,0
F100276,AI,2024-07-10,SEA,DTW,396,12:25,13:14,12:25,13:14,-19.0,-40.0,0
F100277,AA,2024-05-31,DTW,ATL,275,13:15,13:55,13:15,13:55,-20.0,-10.0,0
F100278,EK,2024-09-04,SFO,IAH,900,11:25,13:17,11:33,13:19,8.0,2.0,0
F100279,AA,2024-06-24,ATL,JFK,1700,20:15,23:47,21:03,00:18,48.0,31.0,0
F100280,UA,2024-06-18,IAH,DEN,1044,17:20,19:30,17:20,19:30,-6.0,-11.0,0
F100281,LH,2024-11-10,CLT,JFK,1333,06:25,09:11,06:25,09:11,-9.0,-13.0,0
F100282,DL,2024-10-01,BWI,ATL,899,05:10,07:02,05:10,07:02,-2.0,-14.0,0
F100283,QF,2024-11-08,LAS,EWR,1477,12:40,15:44,13:13,16:23,33.0,39.0,0
F100284,BA,2024-02-13,SAN,BWI,774,21:30,23:06,21:30,23:06,-11.0,-17.0,0
F100285,UA,2024-08-02,PHL,CLT,2414,19:30,00:31,20:00,00:53,30.0,22.0,0
F100286,UA,2024-09-07,IAH,DEN,1098,09:30,11:47,09:30,11:54,-2.0,7.0,0
F100287,AA,2024-04-09,DTW,DFW,1326,12:35,15:20,13:09,15:46,34.0,26.0,0
F100288,EK,2024-02-12,DTW,DEN,1062,18:00,20:12,18:00,20:12,-37.0,-50.0,0
F100289,BA,2024-10-16,DEN,DTW,1530,23:25,02:36,23:25,02:36,-17.0,-25.0,0
F100290,AF,2024-08-13,IAH,LAX,995,17:45,19:49,18:09,20:02,24.0,13.0,0
F100291,BA,2024-05-14,LAX,DTW,200,11:15,11:55,11:15,11:56,-15.0,1.0,0
F100292,AI,2024-03-25,PHX,MSP,1205,19:30,22:00,20:10,22:28,40.0,28.0,0
F100293,QF,2024-03-27,MIA,BWI,200,10:55,11:35,11:14,11:59,19.0,24.0,0
F100294,DL,2024-01-31,DFW,MSP,1183,08:50,11:17,09:20,11:54,30.0,37.0,0
F100295,SW,2024-03-13,CLT,PHL,1243,18:50,21:25,19:15,21:58,25.0,33.0,0
F100296,DL,2024-05-22,CLT,IAH,1514,22:10,01:19,22:42,02:11,32.0,52.0,0
F100297,DL,2024-02-02,MSP,PHX,610,17:20,18:36,17:39,18:53,19.0,17.0,0
F100298,BA,2024-10-22,LAS,BWI,499,04:40,05:42,04:40,05:42,-10.0,-2.0,0
F100299,AA,2024-01-09,ATL,DTW,1250,03:30,06:06,,,,,1
F100300,LH,2024-11-28,SFO,DFW,1240,09:30,12:05,09:31,12:08,1.0,3.0,0
F100301,DL,2024-01-27,PHX,DEN,1490,12:50,15:56,12:50,15:56,-30.0,-28.0,0
F100302,DL,2024-09-01,JFK,SEA,1053,02:30,04:41,02:30,04:41,-21.0,-1.0,0
F100303,AF,2024-12-21,ATL,MSP,1128,04:25,06:46,04:39,06:57,14.0,11.0,0
F100304,AF,2024-03-11,PHX,BOS,1322,12:30,15:15,12:38,15:40,8.0,25.0,0
F100305,AI,2024-06-28,DEN,DTW,200,23:45,00:25,23:56,00:43,11.0,18.0,0
F100306,SW,2024-03-12,ORD,DFW,888,03:40,05:31,03:40,05:31,-3.0,-5.0,0
F100307,SW,2024-05-07,MIA,ORD,1104,17:40,19:58,17:40,19:58,-38.0,-24.0,0
F100308,BA,2024-11-06,SFO,IAH,711,16:45,18:13,16:55,18:29,10.0,16.0,0
F100309,SW,2024-02-27,DTW,CLT,684,07:25,08:50,07:25,08:50,-26.0,-15.0,0
F100310,AF,2024-07-17,LAS,DFW,1648,18:20,21:46,18:20,21:46,-36.0,-39.0,0
F100311,DL,2024-02-04,JFK,SAN,262,00:05,00:45,00:08,00:58,3.0,13.0,0
F100312,BA,2024-08-04,PHL,EWR,1592,22:20,01:39,22:55,02:32,35.0,53.0,0
F100313,BA,2024-04-14,ORD,IAH,866,04:35,06:23,04:35,06:23,-22.0,-21.0,0
F100314,DL,2024-05-02,BOS,MSP,1379,01:45,04:37,01:45,04:37,-24.0,-2.0,0
F100315,BA,2024-01-07,DEN,ATL,1538,22:30,01:42,22:32,01:42,2.0,-5.0,0
F100316,BA,2024-03-05,DEN,CLT,598,23:05,00:19,23:14,00:27,9.0,8.0,0
F100317,LH,2024-02-02,MIA,IAH,1570,08:55,12:11,08:55,12:17,-2.0,6.0,0
F100318,AA,2024-03-26,DTW,SAN,982,11:30,13:32,11:44,13:45,14.0,13.0,0
F100319,SW,2024-01-23,PHL,JFK,1424,00:45,03:43,01:10,04:16,25.0,33.0,0
F100320,AA,2024-04-24,IAH,EWR,1364,10:45,13:35,10:45,13:45,-7.0,10.0,0
F100321,AF,2024-12-10,ATL,IAH,1294,01:30,04:11,01:30,04:11,-19.0,-18.0,0
F100322,EK,2024-06-16,BOS,LAS,1224,02:35,05:08,02:35,05:08,-12.0,-26.0,0
F100323,AI,2024-07-07,SEA,DTW,810,18:25,20:06,18:25,20:06,-12.0,-10.0,0
F100324,SW,2024-07-28,DFW,JFK,200,00:45,01:25,00:45,01:25,-15.0,-1.0,0
F100325,AF,2024-06-06,JFK,EWR,833,03:45,05:29,03:45,05:29,-11.0,-17.0,0
F100326,UA,2024-01-23,MIA,ORD,2483,07:35,12:45,07:35,12:54,-5.0,9.0,0
F100327,AI,2024-03-09,ATL,IAH,343,20:20,21:02,20:36,21:26,16.0,24.0,0
F100328,SW,2024-06-10,BOS,MIA,985,12:55,14:58,12:55,14:58,-7.0,-8.0,0
F100329,SW,2024-02-25,DFW,SAN,758,04:15,05:49,05:22,06:58,67.0,69.0,0
F100330,SW,2024-08-25,MSP,BOS,1314,08:15,10:59,09:07,11:42,52.0,43.0,0
F100331,AI,2024-06-16,LAX,SEA,1022,04:15,06:22,04:15,06:22,-11.0,-11.0,0
F100332,BA,2024-01-16,MIA,DEN,560,12:25,13:35,12:37,13:36,12.0,1.0,0
F100333,UA,2024-02-01,ATL,JFK,1593,07:30,10:49,07:53,11:08,23.0,19.0,0
F100334,DL,2024-05-12,BWI,SAN,733,02:00,03:31,02:14,03:37,14.0,6.0,0
F100335,DL,2024-01-22,LAS,ATL,2087,14:00,18:20,14:16,18:43,16.0,23.0,0
F100336,AA,2024-03-29,CLT,MSP,1408,11:45,14:41,11:45,14:49,-7.0,8.0,0
F100337,AI,2024-11-27,SAN,SEA,1068,09:25,11:38,09:56,12:09,31.0,31.0,0
F100338,UA,2024-11-25,EWR,SFO,1790,16:45,20:28,17:02,21:13,17.0,45.0,0
F100339,AF,2024-09-05,DTW,BWI,778,11:40,13:17,11:52,13:19,12.0,2.0,0
F100340,SW,2024-01-30,JFK,BOS,682,15:35,17:00,15:57,17:38,22.0,38.0,0
F100341,SW,2024-09-30,SEA,BOS,2779,23:00,04:47,23:05,04:47,5.0,-4.0,0
F100342,LH,2024-03-31,PHX,DEN,1451,07:40,10:41,07:40,10:41,-21.0,-12.0,0
F100343,AF,2024-03-13,BWI,SAN,698,18:45,20:12,18:57,20:39,12.0,27.0,0
F100344,UA,2024-02-16,DTW,LAX,933,01:45,03:41,,,,,1
F100345,EK,2024-11-10,JFK,PHX,1559,06:30,09:44,06:59,09:53,29.0,9.0,0
F100346,AA,2024-10-27,JFK,DEN,459,22:30,23:27,22:30,23:27,-32.0,-6.0,0
F100347,AF,2024-02-21,CLT,SAN,936,10:05,12:02,10:57,12:36,52.0,34.0,0
F100348,EK,2024-12-28,LAS,DEN,656,17:55,19:17,18:22,19:48,27.0,31.0,0
F100349,UA,2024-12-18,CLT,BOS,1319,09:30,12:14,,,,,1
F100350,AI,2024-01-17,CLT,SAN,247,05:40,06:20,06:21,07:12,41.0,52.0,0
F100351,DL,2024-06-18,DTW,DFW,1240,23:15,01:50,23:15,01:50,-10.0,-4.0,0
F100352,DL,2024-01-06,LAS,DTW,825,08:45,10:28,08:45,10:28,-34.0,-33.0,0
F100353,AA,2024-08-12,LAX,EWR,905,23:20,01:13,23:54,01:22,34.0,9.0,0
F100354,QF,2024-09-02,CLT,ATL,1141,18:50,21:12,18:50,21:12,-22.0,-16.0,0
F100355,AA,2024-06-12,BOS,JFK,1224,08:15,10:48,08:20,11:05,5.0,17.0,0
F100356,QF,2024-10-31,ORD,PHX,252,19:25,20:05,20:00,20:34,35.0,29.0,0
F100357,LH,2024-02-21,DEN,LAX,200,10:45,11:25,10:45,11:25,0.0,-23.0,0
F100358,QF,2024-06-01,MIA,LAS,1152,07:15,09:39,07:16,09:57,1.0,18.0,0
F100359,AF,2024-02-14,JFK,MSP,1389,09:50,12:43,09:50,12:43,-28.0,-36.0,0
F100360,BA,2024-02-29,ORD,PHL,1312,09:20,12:04,09:48,12:49,28.0,45.0,0
F100361,LH,2024-07-14,DEN,CLT,1728,11:30,15:06,11:35,15:17,5.0,11.0,0
F100362,BA,2024-03-18,BWI,LAX,1779,22:50,02:32,22:50,02:38,-1.0,6.0,0
F100363,AI,2024-02-01,SEA,BWI,803,12:35,14:15,12:35,14:15,-7.0,-4.0,0
F100364,SW,2024-02-10,DTW,BOS,587,12:55,14:08,12:59,14:08,4.0,-6.0,0
F100365,AI,2024-08-17,DFW,ATL,886,05:30,07:20,05:48,07:33,18.0,13.0,0
F100366,LH,2024-10-31,SFO,DFW,1005,08:10,10:15,08:20,10:32,10.0,17.0,0
F100367,LH,2024-05-21,IAH,LAS,919,16:25,18:19,,,,,1
F100368,AI,2024-08-02,BWI,PHL,1651,03:20,06:46,03:20,06:46,-46.0,-9.0,0
F100369,DL,2024-02-21,ATL,SAN,477,09:35,10:34,09:52,10:42,17.0,8.0,0
F100370,AI,2024-01-20,SAN,DTW,1386,05:05,07:58,05:19,08:06,14.0,8.0,0
F100371,LH,2024-01-26,LAS,SEA,1643,23:25,02:50,23:28,03:02,3.0,12.0,0
F100372,BA,2024-09-08,BOS,MIA,449,22:50,23:46,22:56,00:18,6.0,32.0,0
F100373,EK,2024-08-01,LAS,MIA,1577,19:50,23:07,20:05,23:19,15.0,12.0,0
F100374,EK,2024-01-29,PHL,PHX,1040,16:30,18:40,16:42,18:59,12.0,19.0,0
F100375,QF,2024-03-29,BWI,JFK,354,06:45,07:29,07:09,07:42,24.0,13.0,0
F100376,SW,2024-08-25,MIA,CLT,1978,16:20,20:27,16:20,20:27,-12.0,-6.0,0
F100377,AI,2024-08-30,MSP,DEN,1603,18:35,21:55,18:36,22:02,1.0,7.0,0
F100378,DL,2024-07-16,BOS,JFK,1861,01:30,05:22,01:51,05:49,21.0,27.0,0
F100379,SW,2024-11-29,SFO,BOS,200,13:35,14:15,13:35,14:22,-2.0,7.0,0
F100380,UA,2024-04-24,DEN,JFK,1432,08:40,11:39,09:03,12:19,23.0,40.0,0
F100381,LH,2024-08-23,CLT,PHX,843,08:45,10:30,08:55,10:30,10.0,0.0,0
F100382,DL,2024-12-05,JFK,IAH,233,11:35,12:15,11:35,12:15,-34.0,-43.0,0
F100383,DL,2024-11-23,LAS,MIA,1931,10:05,14:06,10:05,14:06,-32.0,-34.0,0
F100384,UA,2024-01-30,PHL,SEA,224,19:20,20:00,19:20,20:00,-8.0,-4.0,0
F100385,BA,2024-07-26,MIA,MSP,579,12:55,14:07,13:29,15:01,34.0,54.0,0
F100386,SW,2024-12-09,IAH,DTW,200,11:35,12:15,11:35,12:15,-10.0,-7.0,0
F100387,BA,2024-03-06,ATL,PHL,1675,23:05,02:34,23:05,02:34,-4.0,-2.0,0
F100388,AF,2024-06-30,ORD,MIA,305,07:55,08:35,07:55,08:35,-31.0,-12.0,0
F100389,AI,2024-03-01,BOS,DTW,200,15:00,15:40,15:00,15:46,-4.0,6.0,0
F100390,SW,2024-12-14,PHL,ATL,1345,12:35,15:23,12:36,15:31,1.0,8.0,0
F100391,SW,2024-10-18,LAS,MSP,886,14:30,16:20,14:51,16:43,21.0,23.0,0
F100392,UA,2024-01-03,LAS,LAX,429,14:05,14:58,14:05,14:58,-15.0,-25.0,0
F100393,DL,2024-11-20,DFW,MSP,1582,13:20,16:37,15:12,18:21,112.0,104.0,0
F100394,AF,2024-09-28,JFK,PHX,1098,06:00,08:17,06:00,08:27,-11.0,10.0,0
F100395,AF,2024-02-22,BOS,DFW,364,12:35,13:20,12:44,13:35,9.0,15.0,0
F100396,BA,2024-11-01,MSP,IAH,1236,16:10,18:44,16:10,18:44,-8.0,-17.0,0
F100397,EK,2024-03-25,PHX,SFO,659,12:00,13:22,12:20,13:42,20.0,20.0,0
F100398,AI,2024-03-04,PHL,DEN,1477,11:55,14:59,12:14,14:59,19.0,-6.0,0
F100399,QF,2024-10-31,SAN,LAX,1148,01:50,04:13,02:53,05:34,63.0,81.0,0
F100400,EK,2024-10-07,CLT,ATL,1253,08:25,11:01,08:25,11:06,-6.0,5.0,0
F100401,LH,2024-05-18,ATL,IAH,847,19:40,21:25,19:55,22:00,15.0,35.0,0
F100402,AI,2024-02-28,ATL,LAS,485,03:25,04:25,03:25,04:25,-19.0,-9.0,0
F100403,SW,2024-05-31,PHX,MSP,1274,05:00,07:39,05:33,08:21,33.0,42.0,0
F100404,SW,2024-12-09,JFK,LAX,659,02:15,03:37,02:33,03:43,18.0,6.0,0
F100405,QF,2024-05-11,ORD,DFW,849,20:45,22:31,20:45,22:50,-13.0,19.0,0
F100406,UA,2024-07-03,LAX,LAS,200,21:10,21:50,21:10,21:50,-7.0,-16.0,0
F100407,AA,2024-06-17,DFW,SFO,579,11:25,12:37,11:25,12:37,-9.0,-23.0,0
F100408,AF,2024-07-24,DEN,ATL,1451,12:25,15:26,12:25,15:26,-7.0,-3.0,0
F100409,UA,2024-12-22,ATL,DEN,739,23:00,00:32,23:00,00:44,-10.0,12.0,0
F100410,EK,2024-04-02,BWI,MSP,1553,19:20,22:34,19:20,22:34,-40.0,-62.0,0
F100411,UA,2024-02-27,DTW,PHL,1625,13:25,16:48,13:25,16:48,-6.0,-24.0,0
F100412,QF,2024-04-24,BWI,SAN,1627,21:10,00:33,21:21,00:49,11.0,16.0,0
F100413,SW,2024-12-05,DTW,PHX,1485,21:50,00:55,21:50,00:55,-26.0,-44.0,0
F100414,AA,2024-09-15,JFK,SFO,1948,15:25,19:28,15:25,19:28,-29.0,-42.0,0
F100415,BA,2024-04-24,LAX,IAH,386,17:50,18:38,18:49,19:45,59.0,67.0,0
F100416,AI,2024-09-12,MSP,ORD,1579,14:10,17:27,14:22,17:34,12.0,7.0,0
F100417,LH,2024-10-08,LAX,BWI,1378,00:15,03:07,00:15,03:07,-32.0,-43.0,0
F100418,QF,2024-06-23,SFO,DTW,1439,11:00,13:59,11:00,13:59,-27.0,-27.0,0
F100419,AI,2024-08-19,DTW,PHX,913,03:15,05:09,03:15,05:09,-6.0,-27.0,0
F100420,BA,2024-07-10,IAH,PHL,622,22:15,23:32,22:15,23:32,-14.0,-10.0,0
F100421,LH,2024-11-08,ATL,BOS,1066,06:45,08:58,07:01,09:08,16.0,10.0,0
F100422,SW,2024-07-31,LAS,ATL,1313,01:50,04:34,01:50,04:34,-32.0,-52.0,0
F100423,AI,2024-09-12,PHL,DFW,200,00:35,01:15,00:35,01:15,-5.0,-12.0,0
F100424,QF,2024-03-29,DEN,SAN,1473,23:30,02:34,23:30,02:34,-9.0,-4.0,0
F100425,LH,2024-05-20,EWR,SEA,1487,12:10,15:15,12:10,15:15,-10.0,-4.0,0
F100426,QF,2024-06-09,BOS,BWI,1601,22:55,02:15,22:55,02:15,-24.0,-22.0,0
F100427,BA,2024-12-29,PHX,DFW,590,20:30,21:43,20:30,21:43,-22.0,-38.0,0
F100428,AF,2024-10-25,IAH,DTW,285,18:50,19:30,18:59,19:30,9.0,-8.0,0
F100429,LH,2024-02-24,JFK,IAH,669,00:20,01:43,00:47,02:17,27.0,34.0,0
F100430,UA,2024-03-15,BOS,MIA,681,01:55,03:20,02:44,04:34,49.0,74.0,0
F100431,EK,2024-04-24,ATL,BWI,1015,23:50,01:56,23:50,01:56,-55.0,-42.0,0
F100432,BA,2024-07-17,LAX,EWR,200,13:50,14:30,14:34,15:29,44.0,59.0,0
F100433,AI,2024-11-20,MSP,SEA,2064,22:55,03:13,23:09,03:25,14.0,12.0,0
F100434,SW,2024-03-31,BOS,DTW,729,21:15,22:46,21:15,22:53,-7.0,7.0,0
F100435,LH,2024-05-15,MIA,BWI,1427,04:30,07:28,04:40,07:31,10.0,3.0,0
F100436,UA,2024-06-14,LAX,DEN,2577,19:00,00:22,19:30,00:35,30.0,13.0,0
F100437,AI,2024-02-07,IAH,PHX,690,22:10,23:36,22:40,23:58,30.0,22.0,0
F100438,UA,2024-10-01,EWR,BWI,1210,12:15,14:46,12:46,14:46,31.0,-8.0,0
F100439,BA,2024-08-31,SFO,IAH,935,17:50,,17:55,,5.0,2.0,0
F100440,AI,2024-01-21,SAN,SEA,1181,21:10,23:37,21:33,00:04,23.0,27.0,0
F100441,BA,2024-07-10,JFK,IAH,775,16:35,18:11,16:58,18:37,23.0,26.0,0
F100442,QF,2024-03-26,ORD,DFW,861,17:35,,17:35,,-26.0,-43.0,0
F100443,LH,2024-10-02,ATL,SEA,201,22:55,23:35,23:09,23:50,14.0,15.0,0
F100444,UA,2024-06-18,JFK,DTW,200,01:15,01:55,01:16,01:55,1.0,-4.0,0
F100445,SW,2024-07-17,MIA,MSP,200,14:50,15:30,14:50,15:31,-11.0,1.0,0
F100446,AA,2024-10-26,SAN,ORD,1329,01:55,04:41,01:55,04:45,-16.0,4.0,0
F100447,BA,2024-05-24,SAN,ORD,1808,14:20,18:06,14:20,18:06,-11.0,-18.0,0
F100448,UA,2024-05-31,CLT,BWI,644,20:30,21:50,20:30,21:57,-6.0,7.0,0
F100449,AF,2024-10-11,JFK,BWI,1255,04:15,06:51,04:44,07:30,29.0,39.0,0
F100450,DL,2024-06-25,BOS,SFO,2028,06:20,10:33,06:20,10:33,-19.0,-12.0,0
F100451,AI,2024-02-28,MIA,SFO,200,05:50,06:30,05:50,06:30,-26.0,-25.0,0
F100452,QF,2024-02-07,MSP,BWI,1250,09:50,12:26,09:54,12:26,4.0,-1.0,0
F100453,AF,2024-12-09,PHX,DFW,766,20:45,22:20,21:26,22:58,41.0,38.0,0
F100454,EK,2024-12-21,LAS,BOS,2049,18:30,22:46,18:57,23:20,27.0,34.0,0
F100455,AA,2024-04-23,LAS,SEA,283,22:55,23:35,23:25,00:01,30.0,26.0,0
F100456,AF,2024-08-16,DTW,MSP,283,11:05,11:45,11:25,11:50,20.0,5.0,0
F100457,BA,2024-04-10,DFW,BWI,542,08:55,10:02,09:03,10:04,8.0,2.0,0
F100458,QF,2024-10-23,JFK,SAN,725,12:40,14:10,13:05,14:22,25.0,12.0,0
F100459,QF,2024-07-06,DTW,DFW,1265,12:45,15:23,13:22,15:58,37.0,35.0,0
F100460,QF,2024-07-22,PHL,ORD,1615,11:35,,11:49,,14.0,7.0,0
F100461,UA,2024-08-16,PHL,DFW,881,05:30,07:20,05:30,07:20,-2.0,-1.0,0
F100462,EK,2024-04-22,PHX,LAX,1091,15:45,18:01,16:07,18:31,22.0,30.0,0
F100463,AF,2024-08-20,CLT,PHL,200,01:00,01:40,01:05,01:40,5.0,-11.0,0
F100464,BA,2024-10-05,MIA,SAN,834,18:30,20:14,18:34,20:32,4.0,18.0,0
F100465,DL,2024-07-11,PHL,MIA,981,07:35,09:37,07:48,10:02,13.0,25.0,0
F100466,AI,2024-03-12,JFK,IAH,1736,14:30,18:07,14:34,18:14,4.0,7.0,0
F100467,UA,2024-12-04,PHX,ATL,1006,07:20,09:25,07:20,09:25,-7.0,-14.0,0
F100468,SW,2024-11-27,BWI,DEN,200,13:00,13:40,13:00,13:40,-20.0,-39.0,0
F100469,QF,2024-03-16,LAX,SAN,1753,01:30,05:09,01:42,05:21,12.0,12.0,0
F100470,AI,2024-02-13,JFK,LAS,569,06:25,07:36,06:33,07:36,8.0,0.0,0
F100471,LH,2024-10-25,SAN,DFW,1104,05:40,07:58,05:53,08:03,13.0,5.0,0
F100472,EK,2024-02-05,SAN,BWI,471,07:20,08:18,07:51,08:50,31.0,32.0,0
F100473,QF,2024-11-06,EWR,DFW,531,03:30,04:36,03:30,04:36,-2.0,-12.0,0
F100474,QF,2024-09-03,ATL,ORD,959,21:30,23:29,00:58,02:59,208.0,210.0,0
F100475,LH,2024-07-08,PHL,EWR,1137,01:55,04:17,01:55,04:17,-16.0,-17.0,0
F100476,LH,2024-12-22,PHX,SAN,532,18:15,19:21,18:15,19:21,-47.0,-33.0,0
F100477,DL,2024-07-28,BOS,BWI,693,08:45,,11:33,,168.0,167.0,0
F100478,QF,2024-12-01,JFK,EWR,833,06:55,08:39,07:10,09:06,15.0,27.0,0
F100479,AI,2024-10-01,MIA,BOS,1516,13:40,16:49,13:40,16:49,-8.0,-8.0,0
F100480,LH,2024-09-04,IAH,BWI,1169,05:10,07:36,05:11,07:58,1.0,22.0,0
F100481,LH,2024-04-27,DFW,ATL,1294,14:55,17:36,15:20,18:11,25.0,35.0,0
F100482,QF,2024-03-23,SAN,LAX,1704,12:50,,13:02,,12.0,-2.0,0
F100483,LH,2024-05-14,ORD,ATL,1239,07:10,09:44,07:10,09:44,-9.0,-13.0,0
F100484,AI,2024-12-30,PHL,BOS,1351,19:00,21:48,19:38,22:28,38.0,40.0,0
F100485,SW,2024-04-09,PHL,BOS,1185,01:40,04:08,02:30,05:03,50.0,55.0,0
F100486,AF,2024-03-21,SEA,JFK,2561,02:05,07:25,02:26,07:27,21.0,2.0,0
F100487,QF,2024-02-16,JFK,ATL,1452,17:05,20:06,17:22,20:40,17.0,34.0,0
F100488,BA,2024-08-20,SEA,SFO,1403,12:40,,12:44,,4.0,-9.0,0
F100489,QF,2024-02-29,BOS,PHX,874,16:05,17:54,16:05,17:54,-14.0,-19.0,0
F100490,LH,2024-05-04,BWI,DTW,1353,10:25,13:14,11:14,14:10,49.0,56.0,0
F100491,BA,2024-11-20,ORD,EWR,282,07:50,08:30,08:08,09:04,18.0,34.0,0
F100492,QF,2024-05-07,JFK,BOS,634,09:15,10:34,09:19,10:40,4.0,6.0,0
F100493,UA,2024-06-30,DTW,LAS,529,06:40,07:46,07:03,08:10,23.0,24.0,0
F100494,EK,2024-05-03,SFO,MIA,1251,08:45,11:21,08:45,11:21,-15.0,-18.0,0
F100495,DL,2024-12-12,ATL,ORD,1433,21:25,00:24,21:29,00:25,4.0,1.0,0
F100496,EK,2024-09-09,PHX,LAS,1134,18:05,20:26,18:35,20:41,30.0,15.0,0
F100497,SW,2024-01-28,BWI,DFW,200,16:20,17:00,16:20,17:00,-31.0,-14.0,0
F100498,UA,2024-12-23,MSP,ATL,668,16:25,17:48,,,,,1
F100499,SW,2024-02-21,CLT,SAN,2534,10:10,15:26,10:10,15:26,-7.0,-3.0,0
F100500,EK,2024-07-06,SAN,LAS,1925,05:25,09:25,06:22,10:49,57.0,84.0,0
F100501,LH,2024-04-02,MIA,DTW,1725,18:30,22:05,19:03,22:47,33.0,42.0,0
F100502,SW,2024-07-14,IAH,EWR,1467,06:30,09:33,06:30,09:33,-17.0,-15.0,0
F100503,LH,2024-11-18,DTW,DFW,897,16:35,18:27,16:35,18:33,-4.0,6.0,0
F100504,AI,2024-02-20,LAX,EWR,1573,22:30,01:46,22:39,02:15,9.0,29.0,0
F100505,EK,2024-07-03,LAS,MIA,314,11:35,12:15,11:37,12:15,2.0,-5.0,0
F100506,AF,2024-10-22,SAN,SFO,200,18:50,19:30,18:55,19:36,5.0,6.0,0
F100507,QF,2024-02-10,DTW,MSP,1908,12:40,16:38,13:03,16:51,23.0,13.0,0
F100508,AF,2024-07-26,EWR,SAN,2112,02:15,06:39,02:53,07:26,38.0,47.0,0
F100509,BA,2024-05-18,SAN,CLT,864,14:10,15:58,14:10,15:58,-17.0,-19.0,0
F100510,AA,2024-12-04,DFW,MIA,1653,08:55,12:21,09:49,13:36,54.0,75.0,0
F100511,DL,2024-01-28,DTW,BWI,706,00:20,01:48,00:20,01:48,-21.0,-17.0,0
F100512,DL,2024-04-27,CLT,BOS,200,07:55,08:35,08:10,08:50,15.0,15.0,0
F100513,AA,2024-06-15,LAX,CLT,720,15:25,16:55,15:25,16:55,-33.0,-25.0,0
F100514,QF,2024-11-01,DEN,SAN,680,14:50,16:15,14:50,16:15,-22.0,-54.0,0
F100515,QF,2024-09-03,BOS,CLT,983,17:45,19:47,18:36,21:00,51.0,73.0,0
F100516,BA,2024-09-24,JFK,LAX,725,04:10,05:40,04:10,05:40,-8.0,0.0,0
F100517,EK,2024-08-08,BOS,JFK,400,09:40,10:30,,,,,1
F100518,AF,2024-10-14,SFO,MSP,1181,13:20,15:47,13:46,16:30,26.0,43.0,0
F100519,SW,2024-08-04,MIA,ORD,939,20:45,22:42,20:47,22:42,2.0,-7.0,0
F100520,BA,2024-05-17,BOS,BWI,503,13:45,14:47,13:46,14:54,1.0,7.0,0
F100521,AI,2024-12-24,MSP,MIA,1548,19:25,22:38,,,,,1
F100522,AA,2024-04-05,IAH,JFK,518,03:05,04:09,03:49,04:52,44.0,43.0,0
F100523,UA,2024-04-21,JFK,PHL,987,10:20,12:23,10:20,12:23,-12.0,-39.0,0
F100524,AA,2024-03-15,LAS,ORD,1530,01:05,04:16,01:30,04:40,25.0,24.0,0
F100525,BA,2024-03-03,CLT,JFK,1040,22:45,00:55,23:05,00:58,20.0,3.0,0
F100526,SW,2024-09-23,MSP,ATL,682,21:45,23:10,22:12,23:24,27.0,14.0,0
F100527,AA,2024-03-03,IAH,PHL,1176,08:25,10:52,08:25,10:52,-27.0,-19.0,0
F100528,SW,2024-11-20,ATL,MIA,978,13:10,,13:10,,-33.0,-17.0,0
F100529,SW,2024-10-24,JFK,ORD,559,22:25,23:34,22:25,23:34,-13.0,-9.0,0
F100530,EK,2024-11-16,ORD,PHX,1689,01:00,04:31,01:00,04:31,-18.0,-15.0,0
F100531,EK,2024-10-12,SEA,PHX,1257,20:10,22:47,20:34,23:15,24.0,28.0,0
F100532,AF,2024-01-21,DFW,BOS,779,15:55,17:32,15:55,17:32,-14.0,-11.0,0
F100533,UA,2024-06-14,IAH,PHX,356,23:25,00:09,23:25,00:09,-66.0,-59.0,0
F100534,DL,2024-08-18,PHL,DFW,1542,09:05,12:17,09:05,12:17,-52.0,-62.0,0
F100535,UA,2024-11-13,JFK,CLT,1371,07:10,10:01,08:08,11:01,58.0,60.0,0
F100536,QF,2024-03-19,DTW,BWI,563,19:05,20:15,19:07,20:35,2.0,20.0,0
F100537,DL,2024-04-01,LAX,DEN,612,01:45,03:01,01:45,03:01,-13.0,-17.0,0
F100538,LH,2024-11-15,DTW,IAH,428,22:40,23:33,22:43,23:42,3.0,9.0,0
F100539,SW,2024-08-27,DTW,ORD,848,20:00,21:46,20:00,21:46,0.0,-17.0,0
F100540,AA,2024-09-27,SAN,MIA,1529,01:55,05:06,02:00,05:11,5.0,5.0,0
F100541,DL,2024-09-29,ATL,MIA,2915,12:45,18:49,12:59,18:56,14.0,7.0,0
F100542,QF,2024-02-24,IAH,EWR,744,20:40,22:13,21:16,22:52,36.0,39.0,0
F100543,UA,2024-07-24,DEN,BWI,200,16:10,16:50,16:40,17:14,30.0,24.0,0
F100544,AF,2024-07-09,IAH,LAS,2123,13:50,18:15,14:24,18:46,34.0,31.0,0
F100545,SW,2024-05-10,CLT,BWI,1768,11:25,15:06,11:34,15:27,9.0,21.0,0
F100546,AI,2024-03-10,JFK,IAH,1290,09:00,11:41,09:00,11:41,-15.0,-1.0,0
F100547,BA,2024-10-11,IAH,PHL,799,18:40,20:19,18:40,20:19,-3.0,-12.0,0
F100548,AF,2024-04-29,BWI,SEA,1254,08:05,10:41,09:04,11:29,59.0,48.0,0
F100549,AF,2024-09-06,DTW,DEN,1014,22:55,01:01,23:37,01:44,42.0,43.0,0
F100550,AI,2024-01-29,CLT,ORD,1271,10:10,12:48,10:10,12:48,-20.0,-13.0,0
F100551,SW,2024-11-20,SAN,JFK,887,20:20,22:10,20:52,22:58,32.0,48.0,0
F100552,AF,2024-03-19,PHL,SEA,2553,01:50,07:09,02:11,07:36,21.0,27.0,0
F100553,QF,2024-08-09,ORD,MIA,1116,09:20,11:39,09:20,11:43,-2.0,4.0,0
F100554,QF,2024-02-13,CLT,MIA,822,12:35,14:17,12:46,14:46,11.0,29.0,0
F100555,SW,2024-11-29,DTW,CLT,396,18:45,19:34,19:20,20:27,35.0,53.0,0
F100556,BA,2024-12-16,EWR,LAS,929,18:15,20:11,18:15,20:11,-46.0,-51.0,0
F100557,AF,2024-06-05,SAN,JFK,1778,05:10,08:52,05:16,08:52,6.0,-4.0,0
F100558,AA,2024-12-16,SEA,SFO,697,11:30,12:57,11:30,12:57,-6.0,-7.0,0
F100559,AI,2024-01-08,DFW,LAS,779,10:55,12:32,10:55,12:32,-3.0,-12.0,0
F100560,QF,2024-10-06,SFO,SEA,1969,16:05,20:11,16:05,20:27,-1.0,16.0,0
F100561,AA,2024-12-05,CLT,SAN,1912,16:00,19:59,16:32,20:28,32.0,29.0,0
F100562,BA,2024-12-01,LAX,DTW,1242,00:15,02:50,00:21,02:50,6.0,-3.0,0
F100563,DL,2024-11-28,JFK,LAS,1194,12:45,15:14,12:45,15:14,-22.0,-6.0,0
F100564,EK,2024-02-15,SAN,IAH,721,05:45,07:15,05:45,07:15,-8.0,-9.0,0
F100565,SW,2024-06-19,PHL,BOS,1352,15:20,18:09,,,,,1
F100566,AF,2024-04-30,PHX,BOS,715,16:05,17:34,16:34,17:49,29.0,15.0,0
F100567,AA,2024-04-25,IAH,MIA,1075,04:10,06:24,05:05,07:09,55.0,45.0,0
F100568,AI,2024-05-03,SEA,MSP,593,18:30,19:44,18:50,20:08,20.0,24.0,0
F100569,UA,2024-10-24,SFO,DFW,1210,17:50,20:21,18:09,20:50,19.0,29.0,0
F100570,QF,2024-03-15,DFW,MSP,1665,20:40,00:08,20:57,00:24,17.0,16.0,0
F100571,DL,2024-03-15,DEN,PHX,1403,23:00,01:55,23:54,02:49,54.0,54.0,0
F100572,EK,2024-04-06,MIA,DFW,415,03:30,04:21,04:05,04:57,35.0,36.0,0
F100573,AI,2024-11-01,SAN,SEA,200,07:45,08:25,08:13,08:49,28.0,24.0,0
F100574,QF,2024-12-30,SAN,DTW,945,20:10,22:08,20:25,22:27,15.0,19.0,0
F100575,SW,2024-01-08,LAX,MSP,1425,08:20,11:18,08:20,11:22,-4.0,4.0,0
F100576,UA,2024-12-18,MSP,PHL,844,10:25,12:10,10:50,12:44,25.0,34.0,0
F100577,LH,2024-11-09,LAS,EWR,438,23:40,00:34,00:14,01:04,34.0,30.0,0
F100578,QF,2024-08-21,ATL,DTW,1484,01:45,04:50,02:01,05:30,16.0,40.0,0
F100579,QF,2024-05-29,LAX,SEA,865,14:20,16:08,14:20,16:08,-2.0,0.0,0
F100580,BA,2024-12-19,SAN,LAX,818,16:30,18:12,16:57,18:22,27.0,10.0,0
F100581,UA,2024-03-10,BWI,IAH,367,12:20,13:05,,,,,1
F100582,EK,2024-08-20,BWI,SFO,359,02:05,02:49,02:36,03:43,31.0,54.0,0
F100583,DL,2024-12-27,ORD,DFW,937,14:50,16:47,14:53,16:53,3.0,6.0,0
F100584,QF,2024-07-12,SAN,DEN,1697,17:20,20:52,17:20,20:52,-16.0,-11.0,0
F100585,UA,2024-04-01,DEN,DFW,1585,22:00,01:18,22:20,01:42,20.0,24.0,0
F100586,UA,2024-04-13,ATL,DEN,1600,00:40,04:00,,,,,1
F100587,EK,2024-01-03,DTW,BWI,200,19:25,20:05,19:49,20:23,24.0,18.0,0
F100588,DL,2024-05-05,SAN,JFK,200,17:05,17:45,17:06,17:46,1.0,1.0,0
F100589,UA,2024-01-19,LAX,CLT,1571,04:00,07:16,04:47,08:21,47.0,65.0,0
F100590,AA,2024-04-01,ATL,MSP,1983,05:50,09:57,06:16,10:26,26.0,29.0,0
F100591,QF,2024-10-23,DEN,DTW,200,11:00,11:40,11:01,11:40,1.0,-7.0,0
F100592,DL,2024-02-03,EWR,BWI,2302,09:25,14:12,09:28,14:18,3.0,6.0,0
F100593,QF,2024-11-09,SFO,SEA,1330,01:15,04:01,01:23,04:31,8.0,30.0,0
F100594,AI,2024-11-07,BOS,MSP,626,10:05,11:23,10:17,11:28,12.0,5.0,0
F100595,AI,2024-11-19,DTW,IAH,207,15:25,16:05,15:25,16:05,-8.0,-6.0,0
F100596,SW,2024-01-13,JFK,DFW,742,14:50,16:22,14:50,16:22,-10.0,-25.0,0
F100597,LH,2024-06-19,EWR,LAX,950,11:35,13:33,11:35,13:33,-31.0,-20.0,0
F100598,BA,2024-06-02,ORD,LAS,1049,16:35,18:46,,,,,1
F100599,AF,2024-10-18,LAS,EWR,200,19:00,19:40,19:00,19:40,-1.0,-8.0,0
F100600,EK,2024-11-26,DTW,LAX,1191,04:25,06:53,05:06,07:13,41.0,20.0,0
F100601,EK,2024-09-23,EWR,LAX,1069,09:40,11:53,09:43,12:06,3.0,13.0,0
F100602,AF,2024-03-17,PHX,ORD,1127,08:00,10:20,08:00,10:20,-12.0,-14.0,0
F100603,AI,2024-10-31,CLT,DEN,522,03:05,04:10,03:39,04:46,34.0,36.0,0
F100604,EK,2024-08-19,SEA,CLT,2140,09:45,14:12,09:45,14:12,-16.0,-32.0,0
F100605,SW,2024-09-16,ORD,DTW,200,00:25,01:05,00:25,01:05,-33.0,-28.0,0
F100606,QF,2024-03-14,BOS,PHX,1305,03:35,06:18,03:35,06:18,-33.0,-20.0,0
F100607,QF,2024-06-08,ATL,JFK,710,01:50,03:18,02:01,03:50,11.0,32.0,0
F100608,DL,2024-01-12,PHL,BOS,1538,18:05,21:17,18:05,21:17,0.0,-9.0,0
F100609,QF,2024-12-09,LAS,DTW,200,03:05,03:45,03:05,03:45,-11.0,-12.0,0
F100610,QF,2024-10-04,ATL,SEA,407,11:35,12:25,11:39,12:32,4.0,7.0,0
F100611,SW,2024-06-08,DEN,ORD,865,19:10,20:58,19:10,20:58,-9.0,-5.0,0
F100612,AA,2024-01-28,ATL,EWR,1265,02:20,04:58,02:20,04:58,-20.0,-1.0,0
F100613,EK,2024-06-08,SAN,PHX,940,10:45,12:42,10:52,12:59,7.0,17.0,0
F100614,EK,2024-02-17,BWI,DFW,1139,22:25,00:47,22:56,01:23,31.0,36.0,0
F100615,EK,2024-03-14,SEA,MIA,632,19:05,20:24,19:21,20:28,,4.0,0
F100616,AF,2024-01-16,MSP,PHL,1065,02:25,04:38,02:31,04:44,6.0,6.0,0
F100617,AF,2024-03-06,SAN,BWI,922,16:15,18:10,16:15,18:10,-40.0,-45.0,0
F100618,DL,2024-08-24,BOS,BWI,1055,12:40,14:51,12:51,14:52,11.0,1.0,0
F100619,LH,2024-04-16,ORD,PHX,1759,22:40,02:19,22:40,02:19,-15.0,-1.0,0
F100620,SW,2024-12-30,DEN,ORD,1256,18:25,21:02,18:25,21:16,-9.0,14.0,0
F100621,EK,2024-07-26,DEN,LAS,283,02:40,03:20,03:10,04:04,30.0,44.0,0
F100622,EK,2024-04-21,LAX,ATL,597,04:40,05:54,07:22,08:35,162.0,161.0,0
F100623,UA,2024-05-29,MSP,BWI,2314,12:40,17:29,12:40,17:29,-27.0,-29.0,0
F100624,AI,2024-06-25,BOS,MSP,1139,02:40,,02:40,,0.0,1.0,0
F100625,BA,2024-10-08,LAX,CLT,1346,01:00,03:48,01:00,03:48,-53.0,-66.0,0
F100626,AA,2024-12-25,SEA,MSP,1026,18:20,20:28,18:20,20:29,-3.0,1.0,0
F100627,SW,2024-03-12,DEN,PHL,1136,06:35,08:57,06:35,08:57,-46.0,-29.0,0
F100628,UA,2024-02-06,DFW,JFK,701,20:00,21:27,20:00,21:27,-15.0,-10.0,0
F100629,UA,2024-11-24,ORD,DEN,1064,13:25,15:38,14:02,16:20,37.0,42.0,0
F100630,EK,2024-10-09,PHL,EWR,1694,14:20,17:51,14:20,17:51,-16.0,-12.0,0
F100631,SW,2024-07-29,PHL,MIA,331,17:40,18:21,17:49,18:31,9.0,10.0,0
F100632,DL,2024-12-19,BWI,DTW,905,02:30,04:23,02:33,04:37,3.0,14.0,0
F100633,BA,2024-02-10,MSP,IAH,200,16:40,17:20,16:40,17:20,-15.0,-13.0,0
F100634,DL,2024-06-08,IAH,SAN,292,19:00,19:40,19:08,19:49,8.0,9.0,0
F100635,EK,2024-08-03,BWI,LAS,200,11:05,11:45,11:05,11:45,-29.0,-58.0,0
F100636,AI,2024-11-18,MIA,LAX,267,15:40,16:20,15:47,16:31,7.0,11.0,0
F100637,AI,2024-09-05,JFK,LAS,1121,02:30,04:50,02:30,04:50,-12.0,-10.0,0
F100638,BA,2024-01-08,MIA,BOS,1238,23:15,01:49,23:15,01:49,-25.0,-22.0,0
F100639,AF,2024-12-24,DEN,BOS,1393,07:25,10:19,07:25,10:29,-5.0,10.0,0
F100640,UA,2024-09-10,SAN,DFW,719,13:20,14:49,13:20,14:49,-15.0,-6.0,0
F100641,AF,2024-02-29,LAX,BOS,2219,01:30,06:07,01:39,06:26,9.0,19.0,0
F100642,QF,2024-12-15,SEA,EWR,694,22:20,23:46,22:20,23:46,-9.0,-3.0,0
F100643,EK,2024-09-28,CLT,LAS,785,21:00,22:38,21:23,22:55,23.0,17.0,0
F100644,AI,2024-05-18,MIA,PHX,458,08:15,09:12,08:49,10:01,34.0,49.0,0
F100645,SW,2024-09-23,BWI,SFO,619,10:50,12:07,11:40,12:56,50.0,49.0,0
F100646,DL,2024-02-20,JFK,MSP,1050,16:15,18:26,16:20,18:39,5.0,13.0,0
F100647,AA,2024-01-30,JFK,ATL,1162,19:50,22:15,20:03,22:18,13.0,3.0,0
F100648,DL,2024-07-11,ORD,DEN,200,21:50,22:30,22:26,23:01,36.0,31.0,0
F100649,BA,2024-12-04,BOS,DTW,970,02:50,04:51,03:05,05:28,15.0,37.0,0
F100650,AF,2024-02-07,MIA,DEN,1096,08:00,10:17,08:00,10:17,-3.0,-7.0,0
F100651,BA,2024-02-05,DEN,DTW,977,15:45,17:47,15:45,17:47,-16.0,-14.0,0
F100652,LH,2024-08-14,SFO,ATL,968,22:05,00:06,22:53,00:55,48.0,49.0,0
F100653,EK,2024-03-17,JFK,PHL,200,20:50,,22:04,,74.0,87.0,0
F100654,AF,2024-01-02,CLT,SAN,2249,16:55,21:36,16:55,21:36,-22.0,-23.0,0
F100655,DL,2024-01-02,IAH,SEA,1404,12:55,15:50,13:15,16:16,20.0,26.0,0
F100656,AF,2024-07-24,LAS,BOS,200,01:50,02:30,01:50,02:30,-36.0,-16.0,0
F100657,AF,2024-05-28,ORD,DTW,2017,20:45,00:57,20:49,01:20,4.0,23.0,0
F100658,LH,2024-09-06,ATL,CLT,386,02:50,03:38,02:50,03:38,-19.0,-27.0,0
F100659,AI,2024-07-18,SEA,PHL,1433,02:35,05:34,02:35,05:48,-15.0,14.0,0
F100660,AA,2024-01-29,LAX,PHX,1276,10:55,13:34,11:29,14:16,34.0,42.0,0
F100661,EK,2024-10-23,IAH,DFW,1728,07:15,10:51,07:15,10:55,-15.0,4.0,0
F100662,AI,2024-12-25,LAX,MIA,1084,20:30,,21:07,,37.0,22.0,0
F100663,DL,2024-10-29,MSP,DEN,1108,02:15,04:33,02:15,04:33,-15.0,-9.0,0
F100664,SW,2024-12-13,EWR,LAS,1923,12:10,16:10,12:10,16:14,-10.0,4.0,0
F100665,SW,2024-03-29,LAX,SAN,323,10:15,10:55,11:15,12:06,60.0,71.0,0
F100666,QF,2024-05-04,DEN,DTW,2035,18:00,22:14,18:24,22:45,24.0,31.0,0
F100667,UA,2024-02-11,JFK,PHL,1475,00:00,03:04,00:04,03:04,4.0,-13.0,0
F100668,LH,2024-04-15,DTW,DFW,1268,04:50,07:28,04:50,07:28,-12.0,-23.0,0
F100669,AA,2024-09-12,SAN,DEN,1381,19:15,22:07,19:15,22:07,-2.0,-9.0,0
F100670,SW,2024-09-28,SFO,ATL,717,03:40,05:09,04:16,05:50,36.0,41.0,0
F100671,SW,2024-04-09,MIA,LAX,200,03:30,04:10,03:43,04:43,13.0,33.0,0
F100672,AA,2024-05-25,LAX,CLT,712,06:20,07:49,06:42,08:03,22.0,14.0,0
F100673,DL,2024-03-31,LAX,BWI,917,05:00,06:54,05:34,07:33,34.0,39.0,0
F100674,AI,2024-08-02,BWI,LAS,1773,06:55,10:36,07:13,11:23,18.0,47.0,0
F100675,DL,2024-04-12,SEA,MSP,200,12:45,13:25,12:47,13:25,2.0,-9.0,0
F100676,SW,2024-04-01,SAN,MSP,390,12:10,12:58,12:10,12:58,-18.0,-14.0,0
F100677,SW,2024-01-17,LAS,DFW,1135,22:40,01:01,22:58,01:08,18.0,7.0,0
F100678,UA,2024-05-31,LAS,SEA,805,19:30,21:10,19:30,21:10,-17.0,-4.0,0
F100679,QF,2024-07-29,SEA,ORD,477,16:25,17:24,16:27,17:35,2.0,11.0,0
F100680,AA,2024-05-06,EWR,SEA,630,10:20,11:38,10:44,12:23,,45.0,0
F100681,AI,2024-01-23,JFK,MSP,1113,01:25,03:44,01:55,03:51,30.0,7.0,0
F100682,DL,2024-05-03,MSP,PHL,742,02:35,04:07,02:47,04:08,12.0,1.0,0
F100683,AF,2024-11-27,BOS,SEA,1124,02:00,04:20,02:33,04:32,33.0,12.0,0
F100684,AI,2024-08-25,JFK,DTW,286,04:55,05:35,05:07,05:55,12.0,20.0,0
F100685,AA,2024-12-19,ORD,EWR,1442,10:35,13:35,10:45,13:53,10.0,18.0,0
F100686,QF,2024-12-16,BWI,SFO,1542,02:40,05:52,02:40,05:52,-3.0,-8.0,0
F100687,AF,2024-07-15,LAX,DFW,898,11:25,13:17,11:37,13:23,12.0,6.0,0
F100688,DL,2024-03-11,IAH,SFO,763,10:45,12:20,11:02,12:41,17.0,21.0,0
F100689,SW,2024-06-29,SEA,PHX,888,08:35,10:26,08:35,10:26,-37.0,-35.0,0
F100690,EK,2024-03-03,PHL,IAH,417,15:55,16:47,16:27,17:17,32.0,30.0,0
F100691,AF,2024-08-22,ORD,SEA,402,02:15,03:05,02:15,03:15,0.0,10.0,0
F100692,UA,2024-12-22,MIA,ATL,1131,04:25,06:46,04:28,06:46,,-2.0,0
F100693,LH,2024-08-30,IAH,DFW,1560,11:20,14:35,11:20,14:50,-3.0,15.0,0
F100694,SW,2024-07-29,PHL,LAS,1388,18:10,21:03,18:36,21:30,26.0,27.0,0
F100695,QF,2024-08-22,IAH,MSP,739,09:40,11:12,09:50,11:20,10.0,8.0,0
F100696,EK,2024-01-25,PHX,BOS,2480,04:10,09:20,04:10,09:20,-18.0,-4.0,0
F100697,QF,2024-03-30,BOS,DEN,1310,22:55,01:38,23:08,02:11,13.0,33.0,0
F100698,AF,2024-08-13,BWI,DFW,1179,08:10,10:37,08:10,10:37,-9.0,-3.0,0
F100699,AF,2024-08-17,DFW,CLT,890,17:30,19:21,17:50,19:53,20.0,32.0,0
F100700,UA,2024-03-20,MSP,LAS,484,00:55,01:55,01:32,02:31,37.0,36.0,0
F100701,BA,2024-10-16,BWI,DFW,1266,23:25,02:03,23:25,02:03,-7.0,-6.0,0
F100702,QF,2024-01-13,ATL,LAS,706,12:40,14:08,12:43,14:08,3.0,-5.0,0
F100703,SW,2024-04-23,BWI,PHL,568,08:45,09:56,08:45,09:56,-12.0,-8.0,0
F100704,DL,2024-04-09,PHL,CLT,200,15:10,15:50,15:10,15:50,-27.0,-28.0,0
F100705,LH,2024-07-08,DFW,MSP,227,12:10,,12:10,,-23.0,-36.0,0
F100706,QF,2024-08-15,ORD,SEA,492,23:20,00:21,23:45,00:59,25.0,38.0,0
F100707,LH,2024-10-27,EWR,DFW,2151,19:15,23:43,20:09,00:48,54.0,65.0,0
F100708,AF,2024-07-11,ORD,SAN,1616,02:00,05:22,02:10,05:40,10.0,18.0,0
F100709,AI,2024-04-05,DFW,SEA,2166,12:05,16:35,12:21,17:07,16.0,32.0,0
F100710,BA,2024-08-25,DTW,BWI,439,07:00,07:54,07:00,07:54,-10.0,-4.0,0
F100711,EK,2024-08-01,ATL,LAS,1089,05:25,07:41,05:25,08:04,-8.0,23.0,0
F100712,EK,2024-10-24,ORD,CLT,1103,15:40,17:57,15:40,17:57,-4.0,0.0,0
F100713,DL,2024-10-21,PHX,IAH,1015,00:05,02:11,00:17,02:11,12.0,-5.0,0
F100714,UA,2024-01-28,PHX,DEN,1775,08:10,11:51,08:51,12:52,41.0,61.0,0
F100715,QF,2024-04-09,ORD,IAH,1195,20:30,22:59,20:54,23:15,24.0,16.0,0
F100716,AF,2024-12-16,BOS,MIA,1499,22:55,02:02,23:08,02:11,13.0,9.0,0
F100717,UA,2024-07-09,PHL,BOS,1518,15:20,18:29,15:50,19:02,30.0,33.0,0
F100718,SW,2024-11-10,SFO,BWI,1263,22:35,01:12,22:35,01:12,-19.0,-2.0,0
F100719,LH,2024-02-29,MSP,ORD,460,04:00,04:57,04:00,04:57,-11.0,-8.0,0
F100720,AI,2024-03-29,PHL,LAS,1668,22:05,01:33,22:40,02:10,35.0,37.0,0
F100721,UA,2024-03-05,SEA,LAS,1463,06:30,09:32,06:30,09:32,-35.0,-42.0,0
F100722,AA,2024-01-22,DTW,EWR,580,06:15,07:27,06:53,08:15,38.0,48.0,0
F100723,BA,2024-06-03,LAX,ATL,1110,21:00,23:18,21:14,23:53,14.0,35.0,0
F100724,SW,2024-01-15,DEN,CLT,897,02:30,04:22,02:30,04:22,-26.0,-11.0,0
F100725,UA,2024-09-15,PHL,SEA,1109,18:15,20:33,18:46,21:05,31.0,32.0,0
F100726,SW,2024-10-02,BOS,DEN,496,00:55,01:57,01:12,02:16,17.0,19.0,0
F100727,AF,2024-08-13,BWI,DEN,1110,21:15,23:33,22:02,00:09,47.0,36.0,0
F100728,SW,2024-06-09,EWR,ATL,1171,03:25,05:51,03:25,05:51,-13.0,-42.0,0
F100729,QF,2024-06-16,LAX,ATL,970,15:15,17:16,15:23,17:33,8.0,17.0,0
F100730,EK,2024-07-27,SEA,BWI,869,09:20,11:08,09:20,11:08,-30.0,-38.0,0
F100731,AF,2024-12-11,DEN,JFK,1790,15:50,19:33,15:50,19:40,-14.0,7.0,0
F100732,UA,2024-12-21,CLT,EWR,1629,18:15,21:38,18:15,21:38,-1.0,-8.0,0
F100733,SW,2024-10-31,LAS,SFO,1628,12:15,15:38,12:16,15:38,1.0,-16.0,0
F100734,AI,2024-11-25,BWI,MIA,1337,12:10,14:57,12:27,15:30,17.0,33.0,0
F100735,BA,2024-02-25,DFW,DTW,1209,03:05,05:36,03:05,05:54,0.0,18.0,0
F100736,AA,2024-12-13,ORD,PHL,1139,00:30,02:52,00:39,02:52,9.0,-5.0,0
F100737,DL,2024-09-09,ORD,IAH,635,14:45,16:04,15:11,16:25,26.0,21.0,0
F100738,QF,2024-01-17,IAH,JFK,200,13:15,13:55,14:49,15:13,94.0,78.0,0
F100739,AA,2024-12-03,DEN,BWI,2354,09:55,14:49,09:55,14:49,-1.0,0.0,0
F100740,DL,2024-12-03,BWI,DTW,596,17:50,19:04,18:17,19:16,27.0,12.0,0
F100741,AA,2024-09-10,CLT,MIA,200,18:20,19:00,19:07,19:39,47.0,39.0,0
F100742,AA,2024-03-06,BWI,LAX,1447,11:10,14:10,11:10,14:10,-20.0,-9.0,0
F100743,LH,2024-06-25,ATL,MSP,2010,11:20,15:31,11:20,15:31,-6.0,-27.0,0
F100744,AI,2024-06-05,ORD,ATL,2013,03:10,07:21,03:40,07:47,30.0,26.0,0
F100745,LH,2024-08-03,BWI,PHL,869,08:00,09:48,08:00,09:48,-21.0,-2.0,0
F100746,LH,2024-02-20,LAS,SAN,679,15:15,16:39,15:15,16:39,-28.0,-23.0,0
F100747,AF,2024-07-05,DEN,LAS,483,13:45,14:45,13:45,14:45,-19.0,-22.0,0
F100748,QF,2024-05-15,SFO,LAS,1051,01:05,03:16,01:05,03:16,-28.0,-9.0,0
F100749,DL,2024-10-30,BWI,ATL,1406,10:05,13:00,10:05,13:00,-2.0,-11.0,0
F100750,DL,2024-06-02,BOS,IAH,946,13:50,15:48,14:19,16:28,29.0,40.0,0
F100751,EK,2024-01-10,IAH,DEN,1635,20:55,00:19,20:55,00:19,-5.0,-38.0,0
F100752,EK,2024-11-10,MIA,BWI,1748,13:40,17:18,13:43,17:31,3.0,13.0,0
F100753,SW,2024-08-10,DFW,LAS,2001,13:10,17:20,14:18,18:22,68.0,62.0,0
F100754,BA,2024-05-11,BOS,DEN,1080,21:40,23:55,21:40,23:55,-17.0,-22.0,0
F100755,BA,2024-10-13,MSP,PHL,647,13:20,14:40,13:26,14:45,6.0,5.0,0
F100756,BA,2024-03-31,MIA,BWI,643,20:00,21:20,20:00,21:20,-17.0,-5.0,0
F100757,DL,2024-02-02,LAS,BOS,1802,13:10,16:55,13:54,17:35,44.0,40.0,0
F100758,UA,2024-10-19,SEA,ATL,1512,23:35,02:44,23:48,02:52,13.0,8.0,0
F100759,QF,2024-02-16,MIA,PHL,1440,07:40,10:40,07:40,10:40,-8.0,-11.0,0
F100760,LH,2024-04-21,SEA,MSP,200,04:15,04:55,04:15,04:55,-5.0,0.0,0
F100761,AI,2024-09-30,LAX,PHL,1941,11:55,15:57,11:55,15:57,-2.0,-12.0,0
F100762,BA,2024-08-31,DFW,CLT,1898,22:10,02:07,,,,,1
F100763,AI,2024-12-19,LAX,ORD,697,21:45,23:12,21:45,23:12,-37.0,-33.0,0
F100764,DL,2024-08-14,IAH,SEA,805,12:00,13:40,13:05,14:53,65.0,73.0,0
F100765,DL,2024-04-17,SEA,LAS,912,05:25,07:19,05:25,07:19,-16.0,-10.0,0
F100766,AA,2024-09-08,MIA,ORD,1874,15:55,19:49,16:10,19:56,15.0,7.0,0
F100767,DL,2024-09-16,DEN,BOS,1323,02:10,04:55,02:16,05:08,6.0,13.0,0
F100768,AA,2024-11-18,LAX,SFO,787,14:50,16:28,14:50,16:28,-2.0,-5.0,0
F100769,DL,2024-05-07,ATL,SFO,1565,16:55,20:10,16:55,20:10,-2.0,-6.0,0
F100770,LH,2024-09-01,LAS,DTW,434,23:30,00:24,23:48,00:48,18.0,24.0,0
F100771,SW,2024-07-07,ORD,MSP,730,05:20,06:51,05:20,07:05,-11.0,14.0,0
F100772,AA,2024-02-15,IAH,SEA,200,14:45,15:25,15:04,16:01,19.0,36.0,0
F100773,AI,2024-02-15,MIA,DFW,200,11:30,12:10,11:57,12:36,27.0,26.0,0
F100774,EK,2024-04-24,DTW,ATL,1153,22:45,01:09,22:45,01:23,-1.0,14.0,0
F100775,EK,2024-08-08,CLT,DFW,1217,06:40,09:12,06:50,09:13,10.0,1.0,0
F100776,UA,2024-01-15,EWR,DFW,2129,09:05,13:31,09:12,14:07,7.0,36.0,0
F100777,EK,2024-08-28,ORD,JFK,2156,04:10,08:39,04:10,08:39,-37.0,-43.0,0
F100778,LH,2024-02-07,SAN,MIA,377,03:35,04:22,03:41,04:32,6.0,10.0,0
F100779,AI,2024-01-03,SAN,LAX,1137,08:35,10:57,09:08,11:50,33.0,53.0,0
F100780,QF,2024-04-01,LAX,SAN,1580,08:30,11:47,08:30,11:47,,-14.0,0
F100781,AF,2024-03-13,PHL,EWR,1001,08:15,10:20,08:33,10:38,18.0,18.0,0
F100782,BA,2024-05-24,PHX,MSP,200,08:40,09:20,09:04,09:41,24.0,21.0,0
F100783,UA,2024-03-18,LAS,PHL,746,17:50,19:23,17:50,19:23,-12.0,-14.0,0
F100784,UA,2024-05-13,LAX,PHL,231,05:55,06:35,05:59,06:49,4.0,14.0,0
F100785,EK,2024-09-05,PHX,BWI,1158,14:25,16:49,14:56,17:13,31.0,24.0,0
F100786,SW,2024-03-27,BOS,DEN,233,23:35,00:15,23:36,00:15,1.0,-4.0,0
F100787,AA,2024-04-02,PHL,SAN,693,13:15,14:41,13:27,14:49,12.0,8.0,0
F100788,BA,2024-07-10,ATL,EWR,249,18:15,18:55,18:15,18:55,-7.0,-1.0,0
F100789,EK,2024-10-31,MSP,MIA,1402,21:00,23:55,21:24,00:26,24.0,31.0,0
F100790,AI,2024-01-25,DFW,SEA,899,20:05,21:57,20:22,22:15,17.0,18.0,0
F100791,LH,2024-05-10,ORD,EWR,1067,05:45,07:58,05:45,07:58,-16.0,-13.0,0
F100792,UA,2024-05-25,CLT,EWR,1227,20:50,23:23,21:06,23:26,16.0,3.0,0
F100793,BA,2024-07-02,SAN,DFW,1057,21:15,23:27,21:15,23:27,-29.0,-25.0,0
F100794,EK,2024-11-03,MIA,SAN,579,13:15,14:27,14:05,15:20,50.0,53.0,0
F100795,LH,2024-09-19,ORD,LAX,1480,10:25,13:30,11:25,14:22,60.0,52.0,0
F100796,QF,2024-05-28,PHL,ORD,1261,14:20,16:57,14:20,16:57,-23.0,-17.0,0
F100797,BA,2024-08-06,SEA,IAH,2059,09:40,13:57,09:40,13:57,-9.0,-18.0,0
F100798,LH,2024-08-25,EWR,ATL,945,21:55,23:53,22:53,01:02,58.0,69.0,0
F100799,QF,2024-12-04,JFK,DFW,457,14:30,15:27,15:13,15:52,43.0,25.0,0
F100800,BA,2024-08-20,LAS,SAN,2281,21:25,02:10,21:53,03:01,28.0,51.0,0
F100801,UA,2024-02-10,SFO,DEN,200,23:40,00:20,23:40,00:20,-11.0,-21.0,0
F100802,LH,2024-03-28,ATL,JFK,222,20:25,21:05,20:45,21:34,20.0,29.0,0
F100803,EK,2024-12-19,BOS,CLT,1779,21:55,01:37,21:55,01:37,-6.0,-6.0,0
F100804,SW,2024-12-22,ATL,JFK,200,06:00,06:40,06:46,07:29,46.0,49.0,0
F100805,QF,2024-06-03,SFO,ORD,1433,14:30,17:29,,,,,1
F100806,UA,2024-09-05,DFW,DTW,1454,15:00,18:01,15:43,18:36,43.0,35.0,0
F100807,LH,2024-01-05,LAX,PHX,1418,03:50,06:47,03:56,07:20,6.0,33.0,0
F100808,AI,2024-05-28,SAN,IAH,499,01:25,02:27,02:01,03:09,36.0,42.0,0
F100809,EK,2024-09-27,SEA,LAX,1178,00:20,02:47,00:28,03:13,8.0,26.0,0
F100810,EK,2024-11-14,ATL,PHL,1158,20:10,22:34,20:10,22:34,-31.0,-14.0,0
F100811,EK,2024-04-28,PHX,DTW,1621,16:45,20:07,17:07,20:17,22.0,10.0,0
F100812,EK,2024-12-30,DFW,LAS,416,12:20,13:12,12:20,13:12,-40.0,-32.0,0
F100813,UA,2024-05-24,SAN,SFO,200,22:55,23:35,22:55,23:35,-36.0,-19.0,0
F100814,EK,2024-09-09,ATL,MSP,1460,09:45,12:47,09:45,12:47,-1.0,-1.0,0
F100815,AF,2024-09-14,DEN,SFO,200,01:15,01:55,01:45,02:19,30.0,24.0,0
F100816,EK,2024-06-30,MIA,PHX,1198,01:35,04:04,01:35,04:04,-55.0,-41.0,0
F100817,DL,2024-08-22,LAX,DTW,548,03:15,04:23,03:15,04:23,-27.0,-29.0,0
F100818,QF,2024-02-23,LAX,IAH,642,05:50,07:10,06:24,07:41,34.0,31.0,0
F100819,EK,2024-02-20,PHL,DTW,1817,04:50,08:37,05:05,09:05,15.0,28.0,0
F100820,LH,2024-08-30,JFK,MIA,998,10:05,12:09,10:44,12:36,39.0,27.0,0
F100821,AF,2024-09-28,SEA,DFW,1068,13:45,15:58,13:45,16:14,-3.0,16.0,0
F100822,QF,2024-08-14,PHX,JFK,1899,04:00,07:57,04:07,07:57,7.0,-6.0,0
F100823,LH,2024-02-01,DEN,MSP,1256,12:00,14:37,12:03,14:37,3.0,-1.0,0
F100824,QF,2024-07-24,BOS,MSP,981,21:55,23:57,21:55,23:57,,-19.0,0
F100825,AA,2024-11-08,MIA,IAH,1442,04:55,07:55,04:58,08:01,3.0,6.0,0
F100826,AI,2024-11-28,MSP,PHX,397,12:45,13:34,13:13,14:15,28.0,41.0,0
F100827,UA,2024-05-25,PHL,BWI,874,06:15,08:04,06:54,08:44,39.0,40.0,0
F100828,AA,2024-10-30,JFK,BWI,1467,08:45,11:48,08:45,11:48,-34.0,-28.0,0
F100829,AA,2024-11-17,PHX,MIA,837,16:10,17:54,16:21,18:08,11.0,14.0,0
F100830,AI,2024-06-22,JFK,DTW,1075,07:55,10:09,08:17,10:26,22.0,17.0,0
F100831,QF,2024-06-28,SAN,SEA,1341,09:05,11:52,09:43,12:15,38.0,23.0,0
F100832,LH,2024-02-23,PHL,SEA,531,10:35,11:41,10:35,11:41,-11.0,-22.0,0
F100833,LH,2024-02-17,EWR,ORD,715,01:20,02:49,01:53,03:41,33.0,52.0,0
F100834,QF,2024-10-13,CLT,SAN,1063,16:20,18:32,16:20,18:43,-1.0,11.0,0
F100835,EK,2024-03-14,EWR,DEN,200,16:30,17:10,16:30,17:10,-19.0,-45.0,0
F100836,QF,2024-08-21,ATL,SEA,360,15:00,15:45,15:00,15:53,-12.0,8.0,0
F100837,AI,2024-03-02,EWR,ATL,200,11:40,12:20,11:40,12:26,-3.0,6.0,0
F100838,AF,2024-09-05,BOS,LAS,1246,00:30,03:05,01:14,03:53,44.0,48.0,0
F100839,BA,2024-09-07,SFO,DEN,1224,00:15,02:48,00:15,02:48,-39.0,-49.0,0
F100840,BA,2024-06-21,BWI,MSP,200,12:25,13:05,12:46,13:32,21.0,27.0,0
F100841,EK,2024-03-17,MSP,DTW,1188,23:10,01:38,23:10,01:38,-15.0,-25.0,0
F100842,LH,2024-01-24,LAS,BWI,1125,21:25,23:45,21:25,23:45,-10.0,-20.0,0
F100843,AI,2024-11-26,BOS,BWI,694,03:50,05:16,03:50,05:16,-10.0,-18.0,0
F100844,AA,2024-04-06,BWI,PHL,264,15:35,16:15,15:53,16:54,18.0,39.0,0
F100845,AA,2024-05-05,MIA,SFO,976,22:40,00:42,22:53,01:03,13.0,21.0,0
F100846,AA,2024-06-23,DTW,JFK,1219,13:30,16:02,13:30,16:11,-14.0,9.0,0
F100847,DL,2024-03-27,ATL,BWI,545,09:30,10:38,09:53,11:09,23.0,31.0,0
F100848,UA,2024-04-02,LAX,PHX,200,00:55,01:35,00:55,01:36,-2.0,1.0,0
F100849,AF,2024-03-02,MIA,EWR,1079,01:45,03:59,02:00,04:25,15.0,26.0,0
F100850,QF,2024-05-17,CLT,ATL,995,01:10,03:14,01:26,03:31,16.0,17.0,0
F100851,SW,2024-10-10,JFK,BOS,389,18:50,19:38,18:58,19:57,8.0,19.0,0
F100852,AI,2024-02-12,EWR,DTW,1665,20:35,00:03,20:55,00:41,20.0,38.0,0
F100853,SW,2024-10-11,IAH,EWR,1251,14:00,,14:29,,29.0,42.0,0
F100854,UA,2024-09-03,JFK,ORD,865,08:40,10:28,09:05,10:44,25.0,16.0,0
F100855,SW,2024-05-24,BWI,PHL,1209,01:30,04:01,01:51,04:37,21.0,36.0,0
F100856,DL,2024-05-23,DFW,BWI,1492,13:45,16:51,14:19,17:26,34.0,35.0,0
F100857,AF,2024-05-19,MIA,DTW,792,07:50,09:29,07:50,09:34,0.0,5.0,0
F100858,AA,2024-11-07,DFW,JFK,200,15:00,15:40,15:40,16:23,40.0,43.0,0
F100859,EK,2024-02-11,CLT,BWI,750,20:50,22:23,20:50,22:23,-56.0,-54.0,0
F100860,DL,2024-11-03,PHX,EWR,880,11:20,13:10,11:20,13:10,-15.0,-13.0,0
F100861,EK,2024-08-15,PHX,SFO,647,00:45,02:05,01:06,02:19,21.0,14.0,0
F100862,SW,2024-04-23,ORD,LAS,1092,07:25,09:41,08:02,10:20,37.0,39.0,0
F100863,AI,2024-04-10,SFO,JFK,1213,20:20,22:51,20:34,23:07,14.0,16.0,0
F100864,SW,2024-03-30,BWI,SAN,959,02:40,04:39,02:40,04:39,-7.0,-3.0,0
F100865,SW,2024-04-08,PHL,MIA,830,21:00,22:43,21:46,23:41,46.0,58.0,0
F100866,QF,2024-08-06,MSP,JFK,200,20:50,21:30,20:50,21:30,-28.0,-28.0,0
F100867,LH,2024-12-14,MIA,ATL,762,16:25,18:00,16:27,18:12,2.0,12.0,0
F100868,AA,2024-09-29,MIA,MSP,1189,14:10,,14:25,,15.0,34.0,0
F100869,AA,2024-02-08,SEA,MSP,200,07:45,08:25,07:55,08:30,10.0,5.0,0
F100870,EK,2024-10-30,EWR,JFK,1861,20:10,00:02,20:10,00:02,-48.0,-72.0,0
F100871,AA,2024-05-01,LAS,IAH,1182,02:40,05:07,03:15,05:53,35.0,46.0,0
F100872,DL,2024-07-12,LAX,ORD,519,10:55,11:59,11:40,12:31,45.0,32.0,0
F100873,BA,2024-02-03,SAN,EWR,1784,03:50,07:33,03:50,07:33,-20.0,-22.0,0
F100874,AI,2024-11-02,EWR,SEA,1383,21:40,,21:40,,-30.0,-10.0,0
F100875,AI,2024-11-29,ATL,PHX,785,21:00,22:38,21:10,23:04,10.0,26.0,0
F100876,AI,2024-04-09,ORD,SAN,524,18:30,19:35,19:04,20:31,34.0,56.0,0
F100877,EK,2024-03-11,DEN,MIA,606,01:00,02:15,01:41,02:37,41.0,22.0,0
F100878,AF,2024-10-04,BOS,SAN,1233,04:30,07:04,04:30,07:04,-24.0,-11.0,0
F100879,QF,2024-01-30,BWI,DFW,1516,07:35,10:44,08:34,12:02,59.0,78.0,0
F100880,SW,2024-06-23,SFO,ORD,900,06:50,08:42,06:50,08:42,-20.0,-11.0,0
F100881,AI,2024-11-11,BWI,LAS,963,09:20,11:20,10:06,11:42,46.0,22.0,0
F100882,EK,2024-11-23,SEA,JFK,2312,07:55,12:44,08:15,12:56,20.0,12.0,0
F100883,AF,2024-07-23,CLT,SFO,1440,05:00,08:00,05:39,08:42,39.0,42.0,0
F100884,BA,2024-11-19,MSP,SFO,200,18:10,18:50,,,,,1
F100885,SW,2024-04-22,BOS,DEN,823,08:55,10:37,09:28,11:18,33.0,41.0,0
F100886,UA,2024-01-11,MIA,ATL,906,21:30,23:23,22:10,00:14,40.0,51.0,0
F100887,BA,2024-07-08,MSP,SEA,1489,11:50,14:56,11:50,14:56,-3.0,-7.0,0
F100888,LH,2024-03-14,ORD,DFW,200,04:45,05:25,04:46,05:39,,14.0,0
F100889,SW,2024-04-06,LAX,SAN,877,17:05,18:54,17:23,19:27,18.0,33.0,0
F100890,UA,2024-09-07,PHL,SAN,1223,06:55,09:27,06:55,09:27,-21.0,-23.0,0
F100891,QF,2024-07-10,CLT,IAH,2035,15:35,19:49,15:45,20:24,10.0,35.0,0
F100892,EK,2024-10-24,DTW,MIA,566,12:50,14:00,13:03,14:10,13.0,10.0,0
F100893,SW,2024-07-21,MSP,SEA,1355,06:05,08:54,06:34,09:32,29.0,38.0,0
F100894,BA,2024-03-09,IAH,ORD,1625,02:05,05:28,02:12,05:35,7.0,7.0,0
F100895,AI,2024-08-18,LAS,MSP,200,14:20,15:00,14:43,15:27,23.0,27.0,0
F100896,UA,2024-05-15,MSP,SEA,959,20:15,22:14,20:17,22:18,2.0,4.0,0
F100897,DL,2024-02-20,MIA,SEA,858,03:15,05:02,03:15,05:02,-6.0,-1.0,0
F100898,BA,2024-04-07,BOS,MIA,1290,22:40,01:21,22:40,01:21,-12.0,-15.0,0
F100899,BA,2024-05-24,JFK,LAS,877,11:20,13:09,11:20,13:09,-11.0,-1.0,0
F100900,QF,2024-04-26,DFW,EWR,200,07:55,08:35,07:55,08:35,-30.0,-26.0,0
F100901,EK,2024-02-13,MSP,LAS,638,10:45,12:04,11:14,12:49,29.0,45.0,0
F100902,QF,2024-03-12,JFK,CLT,1140,18:30,20:52,18:30,20:52,-20.0,-5.0,0
F100903,AF,2024-08-02,LAS,SEA,1119,13:50,16:09,13:50,16:09,-30.0,-45.0,0
F100904,AI,2024-01-17,JFK,SAN,1910,04:30,08:28,05:11,08:41,41.0,13.0,0
F100905,AI,2024-07-14,BWI,CLT,200,06:20,07:00,06:56,07:38,36.0,38.0,0
F100906,EK,2024-03-28,BOS,ORD,1421,03:50,06:47,03:55,07:02,5.0,15.0,0
F100907,UA,2024-07-16,SFO,ORD,1003,09:45,11:50,09:45,11:52,-2.0,2.0,0
F100908,QF,2024-06-16,JFK,SFO,1391,13:20,16:13,13:31,16:20,11.0,7.0,0
F100909,DL,2024-03-07,CLT,SFO,1965,06:05,10:10,06:21,10:24,16.0,14.0,0
F100910,BA,2024-09-14,BWI,SFO,1766,22:50,02:30,22:50,02:33,-26.0,3.0,0
F100911,LH,2024-09-26,SAN,SEA,892,10:40,12:31,10:40,12:31,-25.0,0.0,0
F100912,BA,2024-12-24,MSP,PHX,722,22:05,23:35,22:18,23:59,13.0,24.0,0
F100913,UA,2024-08-22,SAN,EWR,1710,12:50,16:23,13:04,16:31,14.0,8.0,0
F100914,SW,2024-11-17,DEN,BOS,1131,17:05,19:26,17:05,19:28,-3.0,2.0,0
F100915,EK,2024-03-03,EWR,BWI,1976,11:15,15:22,11:41,15:52,26.0,30.0,0
F100916,UA,2024-09-16,MIA,SFO,1443,01:25,04:25,01:52,04:41,27.0,16.0,0
F100917,AF,2024-07-22,CLT,SFO,1025,01:00,03:08,02:11,04:36,71.0,88.0,0
F100918,EK,2024-02-04,DTW,MSP,697,02:35,04:02,02:35,04:02,-8.0,-14.0,0
F100919,BA,2024-01-10,DEN,SFO,1519,19:15,22:24,20:02,23:20,47.0,56.0,0
F100920,AA,2024-08-13,MIA,DFW,1094,11:30,13:46,11:30,13:48,-4.0,2.0,0
F100921,AA,2024-07-18,PHL,ATL,507,22:05,23:08,22:05,23:08,-41.0,-19.0,0
F100922,SW,2024-05-02,SEA,CLT,396,06:15,,,,,,1
F100923,AA,2024-12-14,LAS,SFO,805,21:15,22:55,21:38,23:37,23.0,42.0,0
F100924,UA,2024-07-31,DEN,LAX,1154,16:15,18:39,16:15,18:39,-23.0,-25.0,0
F100925,QF,2024-03-02,CLT,MSP,592,07:45,08:59,07:51,09:22,6.0,23.0,0
F100926,AA,2024-08-22,CLT,SFO,200,07:15,07:55,07:15,07:55,-14.0,-27.0,0
F100927,SW,2024-11-02,EWR,BOS,1351,15:15,18:03,15:15,18:03,-28.0,-42.0,0
F100928,BA,2024-11-19,ATL,PHX,1510,22:20,01:28,23:05,02:14,45.0,46.0,0
F100929,AF,2024-06-20,DTW,ORD,269,00:40,01:20,00:40,01:23,-11.0,3.0,0
F100930,QF,2024-04-29,BWI,JFK,1069,00:40,02:53,00:44,03:03,4.0,10.0,0
F100931,SW,2024-01-31,SAN,ORD,977,04:10,06:12,04:56,06:51,46.0,39.0,0
F100932,SW,2024-06-17,SAN,MSP,481,04:05,05:05,04:05,05:05,-28.0,-32.0,0
F100933,LH,2024-04-27,BOS,JFK,344,23:10,23:53,23:22,00:07,12.0,14.0,0
F100934,SW,2024-09-23,SEA,EWR,352,10:30,11:14,,,,,1
F100935,EK,2024-01-27,ORD,SEA,1353,20:30,23:19,21:15,00:10,45.0,51.0,0
F100936,SW,2024-02-10,SEA,IAH,200,13:55,14:35,14:52,15:43,57.0,68.0,0
F100937,AI,2024-05-26,SEA,LAS,2173,18:25,22:56,18:59,23:47,34.0,51.0,0
F100938,AF,2024-03-26,CLT,EWR,1123,15:25,17:45,15:25,17:51,0.0,6.0,0
F100939,EK,2024-08-06,JFK,EWR,574,02:05,03:16,02:23,03:16,18.0,-12.0,0
F100940,EK,2024-05-25,BOS,DTW,1025,12:35,14:43,13:16,15:27,41.0,44.0,0
F100941,UA,2024-01-07,SFO,JFK,2036,16:55,21:09,16:55,21:23,0.0,14.0,0
F100942,AF,2024-06-06,CLT,PHL,473,20:40,21:39,21:11,22:15,31.0,36.0,0
F100943,AI,2024-08-11,DEN,SEA,868,08:55,10:43,08:55,10:43,-57.0,-58.0,0
F100944,AA,2024-05-06,CLT,MSP,1128,07:25,09:46,07:53,10:35,28.0,49.0,0
F100945,UA,2024-12-14,MIA,DTW,2221,04:05,08:42,04:43,09:15,38.0,33.0,0
F100946,DL,2024-07-22,ORD,EWR,817,22:40,00:22,23:05,00:55,25.0,33.0,0
F100947,UA,2024-12-20,EWR,MIA,1977,09:35,13:42,10:44,15:20,69.0,98.0,0
F100948,LH,2024-11-21,ORD,DFW,1896,18:10,22:07,18:30,22:45,20.0,38.0,0
F100949,BA,2024-09-08,JFK,SFO,1996,00:15,04:24,00:18,04:24,3.0,-1.0,0
F100950,LH,2024-07-10,DEN,SFO,539,05:55,07:02,05:55,07:02,-15.0,-30.0,0
F100951,AI,2024-04-12,SFO,DEN,1149,01:55,04:18,01:55,04:18,-18.0,-25.0,0
F100952,LH,2024-11-21,MSP,ATL,1420,05:15,08:12,05:27,08:31,12.0,19.0,0
F100953,AI,2024-09-05,SEA,PHL,1819,21:15,,21:44,,29.0,49.0,0
F100954,AA,2024-09-24,ATL,SEA,1047,00:20,02:30,01:07,03:23,47.0,53.0,0
F100955,EK,2024-06-21,LAS,MSP,1101,11:50,14:07,12:34,14:43,44.0,36.0,0
F100956,LH,2024-07-01,CLT,LAX,2214,10:15,,10:15,,0.0,-13.0,0
F100957,UA,2024-09-28,JFK,DFW,1392,08:55,11:49,08:55,12:13,-2.0,24.0,0
F100958,EK,2024-12-04,PHL,EWR,740,06:00,07:32,06:00,07:32,-21.0,-9.0,0
F100959,AF,2024-12-13,LAX,PHX,533,14:45,15:51,15:09,16:12,24.0,21.0,0
F100960,LH,2024-07-16,DTW,ATL,200,09:40,10:20,09:50,10:33,10.0,13.0,0
F100961,QF,2024-09-11,LAX,DEN,1528,02:05,05:16,02:51,06:27,46.0,71.0,0
F100962,EK,2024-12-05,ATL,PHL,1518,17:45,20:54,17:59,20:54,14.0,-1.0,0
F100963,DL,2024-03-23,EWR,JFK,1121,10:20,12:40,10:32,12:52,12.0,12.0,0
F100964,DL,2024-11-20,DFW,BWI,1379,23:25,02:17,00:00,02:44,35.0,27.0,0
F100965,AI,2024-07-12,ORD,PHX,499,22:55,23:57,22:59,23:57,4.0,-1.0,0
F100966,LH,2024-05-12,SEA,MIA,200,03:05,03:45,03:05,03:45,-18.0,-31.0,0
F100967,DL,2024-03-06,BWI,PHX,1725,10:20,13:55,,,,,1
F100968,AA,2024-04-07,BWI,IAH,2021,12:20,16:32,12:20,16:32,-20.0,-11.0,0
F100969,QF,2024-04-23,SAN,BWI,1524,03:20,,03:20,,-30.0,-26.0,0
F100970,BA,2024-12-14,SEA,PHL,2520,14:30,19:45,14:54,20:08,24.0,23.0,0
F100971,AA,2024-06-07,SAN,LAS,663,16:55,18:17,16:55,18:17,-44.0,-36.0,0
F100972,SW,2024-12-26,DTW,BOS,2168,12:00,16:31,12:00,16:31,-13.0,-34.0,0
F100973,SW,2024-09-06,LAX,SFO,601,23:20,00:35,23:49,01:01,29.0,26.0,0
F100974,AA,2024-06-21,IAH,CLT,507,13:50,14:53,13:50,14:53,-8.0,-23.0,0
F100975,BA,2024-12-24,BOS,SFO,869,17:20,19:08,17:20,19:08,-5.0,-11.0,0
F100976,AA,2024-12-01,BOS,DTW,389,05:40,06:28,06:11,06:53,31.0,25.0,0
F100977,SW,2024-07-04,SFO,JFK,200,23:40,00:20,23:54,00:45,14.0,25.0,0
F100978,LH,2024-02-19,DEN,LAX,522,11:25,12:30,11:25,12:30,-7.0,-13.0,0
F100979,AI,2024-11-17,EWR,DFW,792,23:20,00:59,23:55,01:35,35.0,36.0,0
F100980,AI,2024-12-20,DEN,EWR,1503,21:50,00:57,21:50,00:57,-17.0,-20.0,0
F100981,EK,2024-03-02,PHX,JFK,1572,03:15,06:31,03:15,06:32,-13.0,1.0,0
F100982,AI,2024-09-02,BWI,SAN,622,08:55,10:12,08:55,10:33,-1.0,21.0,0
F100983,LH,2024-03-05,BOS,SAN,738,03:10,04:42,03:21,05:02,11.0,20.0,0
F100984,AA,2024-10-01,CLT,BWI,1135,16:25,18:46,16:38,19:00,13.0,14.0,0
F100985,DL,2024-04-02,SFO,ATL,218,19:55,20:35,20:11,20:44,16.0,9.0,0
F100986,UA,2024-11-30,BWI,SFO,1465,05:15,08:18,05:56,08:39,41.0,21.0,0
F100987,QF,2024-10-05,BOS,CLT,1824,05:20,09:08,05:20,09:08,-11.0,-20.0,0
F100988,QF,2024-08-15,BOS,BWI,1113,04:40,06:59,04:49,07:23,9.0,24.0,0
F100989,AI,2024-04-17,IAH,PHL,555,22:15,23:24,23:04,00:23,49.0,59.0,0
F100990,SW,2024-04-20,DFW,BWI,1054,18:10,20:21,18:12,20:21,2.0,0.0,0
F100991,BA,2024-07-23,CLT,DEN,855,14:15,16:01,14:26,16:11,11.0,10.0,0
F100992,SW,2024-11-20,ORD,BOS,615,22:50,00:06,23:01,00:09,11.0,3.0,0
F100993,AI,2024-03-19,DEN,MSP,1193,10:20,12:49,10:21,13:00,1.0,11.0,0
F100994,QF,2024-07-27,ATL,BWI,1593,02:10,05:29,02:42,06:07,32.0,38.0,0
F100995,SW,2024-02-20,MIA,JFK,1260,12:45,15:22,12:45,15:31,-1.0,9.0,0
F100996,BA,2024-02-18,BWI,DTW,1474,16:10,19:14,16:10,19:14,-32.0,-25.0,0
F100997,AA,2024-07-18,DEN,PHX,1820,05:10,08:57,05:10,08:57,-2.0,-7.0,0
F100998,LH,2024-03-06,DTW,SAN,748,08:00,09:33,08:00,09:33,-31.0,-27.0,0
F100999,AI,2024-11-23,MIA,LAX,1017,11:55,14:02,12:07,14:21,12.0,19.0,0
F101000,EK,2024-09-14,PHX,DTW,521,09:05,10:10,09:19,10:31,14.0,21.0,0
F101001,SW,2024-06-05,BOS,ORD,706,13:10,14:38,13:28,14:59,18.0,21.0,0
F101002,DL,2024-01-30,DEN,SAN,621,02:55,04:12,02:55,04:12,-12.0,-2.0,0
F101003,LH,2024-09-02,PHL,DFW,856,15:35,17:22,15:35,17:22,-25.0,-20.0,0
F101004,AA,2024-01-04,SAN,SFO,1137,22:20,00:42,22:20,00:42,-20.0,-9.0,0
F101005,QF,2024-11-06,SAN,LAX,1418,14:30,17:27,14:30,17:27,-15.0,-21.0,0
F101006,DL,2024-09-20,PHX,DFW,914,11:00,12:54,11:00,12:54,-12.0,-2.0,0
F101007,SW,2024-05-28,IAH,ATL,1089,09:25,11:41,09:25,11:41,-20.0,-28.0,0
F101008,SW,2024-01-19,BOS,IAH,1712,14:40,18:14,18:25,22:22,225.0,248.0,0
F101009,BA,2024-01-03,PHX,ATL,1299,11:55,14:37,11:59,14:37,4.0,-2.0,0
F101010,DL,2024-03-19,PHL,IAH,1160,13:15,15:40,,,,,1
F101011,BA,2024-07-21,SEA,PHL,455,11:05,12:01,11:16,12:20,11.0,19.0,0
F101012,EK,2024-03-12,MSP,DEN,870,11:55,13:43,11:55,13:43,-9.0,-33.0,0
F101013,SW,2024-03-09,BOS,LAX,1686,12:20,15:50,12:37,16:14,17.0,24.0,0
F101014,EK,2024-08-03,MIA,ATL,200,15:35,16:15,16:16,16:52,41.0,37.0,0
F101015,LH,2024-03-08,PHL,CLT,826,03:15,04:58,03:15,04:58,-24.0,-8.0,0
F101016,SW,2024-08-07,LAX,PHX,1771,19:55,,19:58,,3.0,-3.0,0
F101017,LH,2024-09-18,SEA,DFW,773,05:45,07:21,05:45,07:21,-2.0,-14.0,0
F101018,LH,2024-12-27,SFO,PHL,824,03:55,05:38,04:06,06:03,11.0,25.0,0
F101019,UA,2024-03-08,SEA,ATL,1008,12:00,14:06,12:00,14:06,-7.0,-8.0,0
F101020,SW,2024-07-13,ORD,LAX,1822,13:35,17:22,14:18,18:25,43.0,63.0,0
F101021,EK,2024-08-06,LAX,IAH,663,20:00,21:22,20:57,22:25,57.0,63.0,0
F101022,LH,2024-01-25,SEA,PHX,1975,05:00,,05:00,,-6.0,-8.0,0
F101023,BA,2024-08-08,SAN,ATL,1164,05:05,07:30,05:16,07:58,11.0,28.0,0
F101024,AA,2024-06-18,IAH,DFW,860,11:55,13:42,12:31,14:29,36.0,47.0,0
F101025,SW,2024-10-26,MIA,SFO,871,12:15,14:03,12:38,14:22,23.0,19.0,0
F101026,AI,2024-12-26,SFO,SEA,2410,14:15,19:16,14:15,19:16,-60.0,-50.0,0
F101027,SW,2024-01-23,IAH,DFW,200,04:45,05:25,04:46,05:27,1.0,2.0,0
F101028,QF,2024-08-17,PHX,CLT,1904,20:55,00:53,20:55,01:01,-10.0,8.0,0
F101029,QF,2024-11-02,JFK,SFO,292,08:55,09:35,08:55,09:35,-14.0,-11.0,0
F101030,SW,2024-12-16,CLT,PHL,798,17:35,19:14,18:14,20:08,39.0,54.0,0
F101031,LH,2024-04-15,CLT,MIA,1266,05:00,07:38,05:00,07:38,-22.0,-29.0,0
F101032,QF,2024-12-28,MSP,IAH,382,23:35,00:22,23:35,00:22,-49.0,-32.0,0
F101033,DL,2024-01-24,DEN,MIA,803,17:45,19:25,17:45,19:44,-1.0,19.0,0
F101034,UA,2024-11-24,MIA,LAX,714,07:45,09:14,,,,,1
F101035,AF,2024-06-15,SAN,PHX,495,02:55,03:56,02:56,03:56,1.0,-11.0,0
F101036,BA,2024-11-16,LAS,LAX,1206,00:10,02:40,00:10,02:40,-2.0,-6.0,0
F101037,QF,2024-12-18,BWI,ATL,643,12:50,14:10,12:54,14:17,4.0,7.0,0
F101038,EK,2024-05-17,SEA,PHX,688,06:40,08:06,06:40,08:06,-2.0,-1.0,0
F101039,LH,2024-09-02,PHX,DFW,890,02:25,04:16,02:33,04:18,8.0,2.0,0
F101040,EK,2024-01-11,DEN,LAS,1602,09:30,12:50,09:39,12:55,9.0,5.0,0
F101041,UA,2024-05-05,ORD,MSP,1206,14:50,17:20,14:55,17:20,5.0,-14.0,0
F101042,AA,2024-07-12,SAN,ATL,1204,12:00,14:30,,,,,1
F101043,AA,2024-02-12,DFW,MIA,388,08:30,09:18,08:30,09:18,-12.0,-1.0,0
F101044,DL,2024-12-28,IAH,LAS,621,02:45,04:02,02:54,04:28,9.0,26.0,0
F101045,BA,2024-03-20,LAS,PHL,838,07:00,08:44,07:00,08:49,-5.0,5.0,0
F101046,AA,2024-05-31,ATL,BWI,670,03:35,04:58,05:52,07:10,137.0,132.0,0
F101047,SW,2024-03-16,EWR,CLT,395,11:50,12:39,11:50,12:39,-17.0,0.0,0
F101048,DL,2024-02-26,DTW,DEN,248,07:15,07:55,07:31,08:19,16.0,24.0,0
F101049,AF,2024-11-05,ORD,LAX,927,04:30,06:25,05:21,07:24,51.0,59.0,0
F101050,BA,2024-06-27,SAN,BOS,2105,03:05,07:28,03:05,07:28,-9.0,-15.0,0
F101051,DL,2024-12-01,JFK,DEN,1316,04:10,06:54,04:10,07:16,0.0,22.0,0
F101052,DL,2024-08-06,ATL,SAN,1205,23:05,01:35,23:05,01:35,-19.0,-38.0,0
F101053,AF,2024-08-05,LAS,PHL,953,15:55,17:54,16:00,18:05,5.0,11.0,0
F101054,SW,2024-10-08,CLT,MSP,1726,15:35,19:10,16:09,19:39,34.0,29.0,0
F101055,AI,2024-10-22,EWR,IAH,223,22:55,23:35,22:55,23:35,-24.0,-31.0,0
F101056,AA,2024-08-30,PHX,BWI,779,04:15,05:52,04:30,05:59,15.0,7.0,0
F101057,UA,2024-03-14,BOS,DTW,1168,17:20,19:46,17:36,20:06,16.0,20.0,0
F101058,UA,2024-12-22,CLT,JFK,322,13:10,13:50,13:29,14:36,19.0,46.0,0
F101059,AI,2024-03-16,DEN,JFK,1147,11:30,13:53,11:30,13:53,-67.0,-50.0,0
F101060,UA,2024-03-12,DEN,PHL,578,23:35,00:47,00:39,01:54,64.0,67.0,0
F101061,AA,2024-03-20,BOS,ATL,200,01:50,02:30,01:52,02:47,2.0,17.0,0
F101062,LH,2024-12-30,MSP,BWI,2335,08:40,13:31,08:47,13:39,7.0,8.0,0
F101063,DL,2024-03-05,PHL,CLT,770,23:45,01:21,23:45,01:21,-9.0,-12.0,0
F101064,QF,2024-12-20,SAN,ORD,1130,14:25,16:46,14:25,16:46,-14.0,-32.0,0
F101065,AF,2024-05-18,EWR,SFO,1095,03:15,05:31,03:15,05:31,-36.0,-27.0,0
F101066,BA,2024-02-24,DEN,BWI,335,02:45,03:26,03:09,04:00,24.0,34.0,0
F101067,AA,2024-02-13,SEA,BOS,1170,18:40,21:06,18:40,21:06,-11.0,-12.0,0
F101068,DL,2024-07-01,BOS,JFK,1410,09:20,12:16,09:26,12:38,6.0,22.0,0
F101069,UA,2024-07-27,ATL,PHX,238,23:35,00:15,23:35,00:15,-24.0,-13.0,0
F101070,LH,2024-01-20,DTW,SAN,301,09:30,10:10,09:52,10:38,22.0,28.0,0
F101071,SW,2024-03-23,SFO,DFW,583,16:35,17:47,16:51,17:50,16.0,3.0,0
F101072,EK,2024-05-28,DFW,PHX,400,11:40,12:30,11:41,12:34,1.0,4.0,0
F101073,LH,2024-11-08,SEA,SFO,817,19:15,20:57,19:33,21:22,18.0,25.0,0
F101074,AA,2024-10-07,DFW,LAS,1917,02:25,06:24,02:30,06:45,5.0,21.0,0
F101075,BA,2024-06-29,BWI,PHX,1552,02:15,05:29,03:19,06:33,64.0,64.0,0
F101076,BA,2024-03-04,MSP,DFW,747,18:25,19:58,19:03,20:43,38.0,45.0,0
F101077,UA,2024-09-19,MSP,PHX,1768,19:10,22:51,19:35,22:53,25.0,2.0,0
F101078,AA,2024-05-05,SAN,LAX,1225,22:35,,22:50,,15.0,19.0,0
F101079,LH,2024-07-17,ORD,MIA,920,14:50,16:45,14:50,16:45,-33.0,-21.0,0
F101080,EK,2024-04-02,ATL,ORD,1224,23:15,01:48,23:50,02:07,35.0,19.0,0
F101081,AF,2024-06-24,ORD,PHX,1304,19:25,22:08,19:26,22:13,1.0,5.0,0
F101082,QF,2024-03-15,DFW,PHL,866,20:45,22:33,21:06,22:54,21.0,21.0,0
F101083,AF,2024-04-19,EWR,PHL,368,01:45,02:31,01:54,02:39,9.0,8.0,0
F101084,UA,2024-02-05,ORD,DEN,949,08:20,10:18,08:20,10:18,-73.0,-63.0,0
F101085,SW,2024-01-28,MIA,DEN,811,02:20,04:01,02:20,04:01,-27.0,-14.0,0
F101086,LH,2024-10-01,DTW,PHL,1381,22:30,01:22,22:30,01:22,-1.0,-13.0,0
F101087,AA,2024-02-09,IAH,SFO,1106,23:50,02:08,00:00,02:31,10.0,23.0,0
F101088,AF,2024-08-22,JFK,DEN,733,04:25,05:56,05:02,06:29,37.0,33.0,0
F101089,QF,2024-03-05,JFK,DTW,200,20:25,21:05,20:25,21:05,-21.0,-20.0,0
F101090,SW,2024-03-26,EWR,BWI,960,19:20,21:20,19:35,21:36,15.0,16.0,0
F101091,AA,2024-01-09,PHX,CLT,1586,09:05,12:23,09:05,12:23,0.0,-22.0,0
F101092,EK,2024-06-29,EWR,MSP,927,11:35,13:30,11:35,13:30,-43.0,-38.0,0
F101093,EK,2024-03-31,EWR,PHX,1634,17:40,21:04,17:40,21:05,-18.0,1.0,0
F101094,LH,2024-02-14,BOS,ATL,1505,03:15,06:23,03:52,07:04,37.0,41.0,0
F101095,AI,2024-11-20,IAH,ATL,404,14:35,15:25,15:02,15:47,27.0,22.0,0
F101096,SW,2024-07-14,MSP,BWI,1070,03:45,05:58,03:48,06:16,,18.0,0
F101097,EK,2024-01-04,EWR,CLT,1438,11:45,14:44,11:50,14:44,5.0,-16.0,0
F101098,LH,2024-07-31,SEA,JFK,618,01:00,02:17,01:25,02:47,25.0,30.0,0
F101099,AI,2024-03-28,LAS,PHX,200,18:20,19:00,18:20,19:00,-38.0,-34.0,0
F101100,AA,2024-03-06,BWI,EWR,365,20:20,21:05,20:20,21:05,-17.0,-7.0,0
F101101,LH,2024-12-29,SEA,ATL,1721,04:35,08:10,04:35,08:10,-12.0,-11.0,0
F101102,BA,2024-06-14,IAH,DEN,955,06:15,08:14,06:18,08:19,3.0,5.0,0
F101103,AA,2024-02-10,SAN,IAH,1453,18:20,21:21,18:20,21:21,-10.0,-26.0,0
F101104,AF,2024-11-30,DEN,MIA,2014,07:05,11:16,07:39,11:39,34.0,23.0,0
F101105,LH,2024-05-20,MIA,LAX,1081,02:30,04:45,03:02,05:28,32.0,43.0,0
F101106,EK,2024-02-24,SAN,ATL,1277,04:05,06:44,04:08,07:10,3.0,26.0,0
F101107,SW,2024-09-08,CLT,ATL,1132,00:20,02:41,00:20,02:47,-6.0,6.0,0
F101108,LH,2024-03-23,LAS,DTW,1057,05:05,,05:21,,16.0,20.0,0
F101109,AA,2024-06-26,ATL,PHX,1298,15:40,18:22,,,,,1
F101110,QF,2024-04-08,MIA,ATL,412,19:00,19:51,19:00,19:51,-29.0,-10.0,0
F101111,AF,2024-01-16,ATL,SEA,1149,10:30,12:53,10:56,13:00,26.0,7.0,0
F101112,EK,2024-06-27,SFO,ORD,1640,22:35,02:00,22:35,02:00,-6.0,-14.0,0
F101113,LH,2024-03-29,SFO,BOS,961,06:50,08:50,06:50,08:50,-17.0,-15.0,0
F101114,AI,2024-04-15,BOS,DEN,918,23:25,01:19,23:59,02:13,34.0,54.0,0
F101115,AF,2024-11-06,SAN,ATL,1888,12:20,16:16,12:20,16:16,-50.0,-59.0,0
F101116,EK,2024-09-18,DEN,LAX,200,08:40,09:20,08:40,09:20,-23.0,-29.0,0
F101117,QF,2024-01-16,PHX,EWR,1246,03:30,06:05,03:30,06:05,-6.0,-10.0,0
F101118,SW,2024-03-15,PHX,CLT,1109,10:15,,10:15,,-36.0,-44.0,0
F101119,AI,2024-10-14,LAS,SEA,697,02:20,03:47,02:22,03:52,2.0,5.0,0
F101120,AI,2024-11-26,ORD,SAN,1900,13:50,17:47,14:20,18:10,30.0,23.0,0
F101121,EK,2024-05-20,DTW,LAX,843,13:15,15:00,13:15,15:00,-1.0,-5.0,0
F101122,AI,2024-01-10,JFK,LAS,1163,20:40,23:05,20:40,23:05,-39.0,-26.0,0
F101123,LH,2024-09-27,LAX,BWI,2016,01:10,05:22,01:10,05:22,0.0,-1.0,0
F101124,BA,2024-06-26,MIA,PHX,1094,12:15,14:31,12:47,15:01,32.0,30.0,0
F101125,EK,2024-07-10,DTW,ATL,1560,19:15,22:30,19:34,23:19,19.0,49.0,0
F101126,AF,2024-03-28,EWR,SEA,802,02:45,04:25,02:45,04:25,-42.0,-57.0,0
F101127,AA,2024-01-23,LAX,BOS,1007,03:00,05:05,03:33,05:32,33.0,27.0,0
F101128,LH,2024-03-11,MIA,DEN,861,18:25,20:12,18:49,20:26,24.0,14.0,0
F101129,LH,2024-09-24,MSP,ATL,633,16:45,18:04,16:45,18:04,-22.0,-6.0,0
F101130,EK,2024-05-15,SEA,ORD,1925,09:55,13:55,09:55,13:55,-32.0,-32.0,0
F101131,SW,2024-09-10,ORD,ATL,1844,01:45,,02:02,,17.0,13.0,0
F101132,DL,2024-10-29,LAS,SFO,200,16:35,17:15,17:11,17:57,36.0,42.0,0
F101133,UA,2024-03-07,PHL,ATL,200,07:10,07:50,07:47,08:10,37.0,20.0,0
F101134,LH,2024-05-22,SFO,ORD,867,13:30,15:18,13:30,15:39,0.0,21.0,0
F101135,EK,2024-05-03,ATL,DFW,843,00:25,02:10,,,,,1
F101136,QF,2024-05-15,MSP,PHX,841,03:35,05:20,03:35,05:20,-27.0,-33.0,0
F101137,QF,2024-08-13,LAS,LAX,509,08:10,09:13,08:10,09:13,-12.0,-10.0,0
F101138,BA,2024-03-31,SFO,EWR,200,19:05,19:45,19:05,19:45,-31.0,-30.0,0
F101139,SW,2024-02-28,ATL,MIA,1072,01:00,03:14,01:01,03:17,1.0,3.0,0
F101140,AI,2024-07-20,CLT,EWR,754,03:45,05:19,03:52,05:33,7.0,14.0,0
F101141,SW,2024-12-27,PHX,BOS,1256,19:05,21:42,19:05,21:45,-10.0,3.0,0
F101142,EK,2024-03-28,BOS,SEA,1094,10:50,13:06,11:28,14:03,38.0,57.0,0
F101143,AA,2024-06-20,DTW,EWR,200,00:30,01:10,00:30,01:10,-14.0,-2.0,0
F101144,AA,2024-08-30,SAN,PHX,200,18:00,18:40,18:43,19:21,43.0,41.0,0
F101145,AI,2024-09-25,BOS,SEA,1345,16:30,19:18,16:34,19:18,4.0,-11.0,0
F101146,AF,2024-06-28,MSP,PHL,1633,17:05,20:29,18:21,21:41,76.0,72.0,0
F101147,BA,2024-12-05,LAS,IAH,806,19:25,21:05,19:26,21:19,1.0,14.0,0
F101148,LH,2024-07-01,SEA,DFW,200,15:00,15:40,15:00,15:40,-45.0,-66.0,0
F101149,DL,2024-11-23,SFO,EWR,1387,03:05,05:58,03:31,06:15,26.0,17.0,0
F101150,QF,2024-12-13,DEN,BOS,1299,11:10,13:52,11:21,14:01,11.0,9.0,0
F101151,AA,2024-12-25,BWI,PHL,1582,10:40,13:57,10:40,13:57,-23.0,-7.0,0
F101152,AF,2024-01-05,BOS,ATL,562,15:50,17:00,16:42,17:42,52.0,42.0,0
F101153,QF,2024-09-06,DEN,LAS,789,09:15,10:53,,,,,1
F101154,AA,2024-10-30,SFO,LAS,1035,03:00,05:09,,,,,1
F101155,AF,2024-05-08,JFK,ORD,1031,04:10,06:18,04:29,06:24,19.0,6.0,0
F101156,QF,2024-05-18,DFW,ORD,977,04:55,06:57,05:05,07:03,10.0,6.0,0
F101157,EK,2024-12-13,PHX,SEA,1242,20:20,22:55,20:20,22:55,-27.0,-29.0,0
F101158,BA,2024-03-29,SAN,BOS,548,18:20,19:28,18:20,19:46,-1.0,18.0,0
F101159,SW,2024-08-01,MIA,DFW,1879,17:45,21:39,18:24,22:14,39.0,35.0,0
F101160,QF,2024-08-11,DEN,EWR,1544,03:30,06:43,03:40,06:56,10.0,13.0,0
F101161,AF,2024-08-06,MSP,PHX,953,14:20,16:19,14:21,16:31,1.0,12.0,0
F101162,LH,2024-11-10,ORD,DEN,897,09:45,11:37,09:53,11:53,8.0,16.0,0
F101163,BA,2024-03-05,LAX,EWR,687,12:50,,13:20,,30.0,21.0,0
F101164,AA,2024-05-18,ORD,LAX,1235,20:15,22:49,20:15,22:49,-50.0,-55.0,0
F101165,AF,2024-10-26,LAX,DFW,2246,21:35,02:15,22:08,03:08,33.0,53.0,0
F101166,EK,2024-12-11,DFW,MIA,599,20:30,21:44,20:30,21:54,0.0,10.0,0
F101167,EK,2024-02-28,SAN,SFO,1305,02:00,04:43,02:48,05:21,48.0,38.0,0
F101168,DL,2024-09-15,DTW,JFK,889,14:20,16:11,14:20,16:11,-37.0,-48.0,0
F101169,SW,2024-11-09,IAH,MIA,1644,21:25,00:50,21:25,00:50,-16.0,-5.0,0
F101170,UA,2024-03-28,DFW,MIA,1995,16:55,21:04,16:58,21:15,3.0,11.0,0
F101171,DL,2024-07-07,BWI,DTW,1445,21:05,00:05,21:05,00:05,-24.0,-29.0,0
F101172,LH,2024-05-25,DFW,JFK,397,14:15,15:04,,,,,1
F101173,BA,2024-01-22,LAX,DTW,677,11:30,12:54,11:55,13:14,25.0,20.0,0
F101174,AF,2024-04-17,PHL,IAH,978,11:55,13:57,11:55,13:57,-19.0,-2.0,0
F101175,AI,2024-03-12,LAS,DTW,672,08:50,10:14,09:35,11:02,45.0,48.0,0
F101176,LH,2024-10-21,DTW,DEN,200,22:35,23:15,22:38,23:15,3.0,-8.0,0
F101177,AI,2024-11-12,PHX,SAN,1353,12:15,15:04,12:15,15:08,0.0,4.0,0
F101178,DL,2024-06-14,DTW,PHL,778,07:55,09:32,07:55,09:32,-7.0,-17.0,0
F101179,LH,2024-02-01,EWR,ORD,1501,19:05,22:12,19:08,22:13,3.0,1.0,0
F101180,AI,2024-06-13,JFK,SFO,881,03:55,05:45,03:55,05:45,-10.0,-12.0,0
F101181,SW,2024-08-12,MIA,PHL,1123,21:05,23:25,21:05,23:25,-19.0,-28.0,0
F101182,SW,2024-01-13,ORD,SAN,1826,20:50,00:38,20:50,00:38,-14.0,-28.0,0
F101183,LH,2024-02-06,BWI,IAH,1510,10:30,13:38,10:30,13:38,-19.0,-17.0,0
F101184,SW,2024-08-30,SFO,SAN,200,16:10,16:50,16:37,17:33,27.0,43.0,0
F101185,EK,2024-02-06,EWR,CLT,1290,18:15,20:56,18:15,20:56,-31.0,-19.0,0
F101186,AA,2024-06-18,SAN,IAH,503,00:45,01:47,00:45,01:47,-22.0,-25.0,0
F101187,AF,2024-05-27,ORD,SFO,757,02:35,04:09,02:35,04:20,-6.0,11.0,0
F101188,LH,2024-10-06,SAN,LAX,2207,22:15,02:50,22:15,02:50,-27.0,-33.0,0
F101189,AA,2024-05-13,LAS,MSP,1085,06:10,08:25,06:10,08:29,-3.0,4.0,0
F101190,AF,2024-09-09,LAX,MIA,1549,02:40,05:53,02:40,06:10,-5.0,17.0,0
F101191,DL,2024-10-09,EWR,ORD,200,15:30,16:10,16:14,16:51,44.0,41.0,0
F101192,AF,2024-06-04,EWR,PHL,1471,07:00,10:03,,,,,1
F101193,SW,2024-12-15,IAH,CLT,382,21:55,,21:55,,-16.0,-6.0,0
F101194,UA,2024-10-08,EWR,MSP,200,04:15,04:55,04:47,05:44,32.0,49.0,0
F101195,SW,2024-01-30,LAS,MSP,1106,07:45,10:03,,,,,1
F101196,LH,2024-01-24,IAH,SAN,1085,00:55,03:10,00:55,03:10,-14.0,-4.0,0
F101197,BA,2024-06-28,LAX,PHX,1208,19:50,22:21,19:50,22:21,-16.0,-19.0,0
F101198,DL,2024-05-08,ORD,ATL,904,17:45,19:38,17:45,19:38,-3.0,-17.0,0
F101199,SW,2024-07-06,MSP,BOS,1419,17:05,20:02,17:06,20:05,1.0,3.0,0
F100636,AI,2024-11-18,MIA,LAX,267,15:40,16:20,15:47,16:31,7.0,11.0,0
F100683,AF,2024-11-27,BOS,SEA,1124,02:00,04:20,02:33,04:32,33.0,12.0,0
F101033,DL,2024-01-24,DEN,MIA,803,17:45,19:25,17:45,19:44,-1.0,19.0,0
F100190,QF,2024-05-08,BOS,ORD,200,06:50,07:30,06:50,07:30,-18.0,-38.0,0
F101083,AF,2024-04-19,EWR,PHL,368,01:45,02:31,01:54,02:39,9.0,8.0,0
